"Step","typical_run - number_of_actions_in_episode","typical_run - number_of_actions_in_episode__MIN","typical_run - number_of_actions_in_episode__MAX"
"538","299","299","299"
"1142","299","299","299"
"1746","299","299","299"
"2350","299","299","299"
"2954","299","299","299"
"3558","299","299","299"
"4162","299","299","299"
"4766","299","299","299"
"5370","299","299","299"
"5974","299","299","299"
"6578","299","299","299"
"7182","299","299","299"
"7786","299","299","299"
"8390","299","299","299"
"8994","299","299","299"
"9598","299","299","299"
"10202","299","299","299"
"10806","299","299","299"
"11410","299","299","299"
"12014","299","299","299"
"12618","299","299","299"
"13222","299","299","299"
"13826","299","299","299"
"14430","299","299","299"
"15034","299","299","299"
"15638","299","299","299"
"16242","299","299","299"
"16846","299","299","299"
"17450","299","299","299"
"18054","299","299","299"
"18658","299","299","299"
"19262","299","299","299"
"19866","299","299","299"
"20470","299","299","299"
"21074","299","299","299"
"21678","299","299","299"
"22282","299","299","299"
"22886","299","299","299"
"23490","299","299","299"
"24094","299","299","299"
"24698","299","299","299"
"25302","299","299","299"
"25906","299","299","299"
"26510","299","299","299"
"27114","299","299","299"
"27718","299","299","299"
"28322","299","299","299"
"28926","299","299","299"
"29508","288","288","288"
"30112","299","299","299"
"30716","299","299","299"
"31320","299","299","299"
"31924","299","299","299"
"32528","299","299","299"
"33132","299","299","299"
"33736","299","299","299"
"34340","299","299","299"
"34944","299","299","299"
"35548","299","299","299"
"36152","299","299","299"
"36756","299","299","299"
"37360","299","299","299"
"37964","299","299","299"
"38568","299","299","299"
"39172","299","299","299"
"39652","237","237","237"
"40256","299","299","299"
"40860","299","299","299"
"41424","279","279","279"
"42028","299","299","299"
"42546","256","256","256"
"43150","299","299","299"
"43718","281","281","281"
"44322","299","299","299"
"44878","275","275","275"
"45480","298","298","298"
"45996","255","255","255"
"46486","242","242","242"
"47090","299","299","299"
"47654","279","279","279"
"48236","288","288","288"
"48736","247","247","247"
"49148","203","203","203"
"49718","282","282","282"
"50322","299","299","299"
"50872","272","272","272"
"51366","244","244","244"
"51764","196","196","196"
"52368","299","299","299"
"52792","209","209","209"
"53310","256","256","256"
"53882","283","283","283"
"54346","229","229","229"
"54812","230","230","230"
"55268","225","225","225"
"55708","217","217","217"
"56172","229","229","229"
"56734","278","278","278"
"57258","259","259","259"
"57842","289","289","289"
"58230","191","191","191"
"58612","188","188","188"
"59084","233","233","233"
"59576","243","243","243"
"60012","215","215","215"
"60526","254","254","254"
"60994","231","231","231"
"61488","244","244","244"
"62092","299","299","299"
"62530","216","216","216"
"62958","211","211","211"
"63372","204","204","204"
"63840","231","231","231"
"64260","207","207","207"
"64754","244","244","244"
"65264","252","252","252"
"65682","206","206","206"
"66092","202","202","202"
"66540","221","221","221"
"66856","155","155","155"
"67364","251","251","251"
"67798","214","214","214"
"68304","250","250","250"
"68908","299","299","299"
"69432","259","259","259"
"70020","291","291","291"
"70624","299","299","299"
"71228","299","299","299"
"71760","263","263","263"
"72256","245","245","245"
"72768","253","253","253"
"73336","281","281","281"
"73904","281","281","281"
"74448","269","269","269"
"74916","231","231","231"
"75520","299","299","299"
"76124","299","299","299"
"76616","243","243","243"
"76986","182","182","182"
"77474","241","241","241"
"77942","231","231","231"
"78452","252","252","252"
"78862","202","202","202"
"79382","257","257","257"
"79880","246","246","246"
"80356","235","235","235"
"80912","275","275","275"
"81350","216","216","216"
"81934","289","289","289"
"82426","243","243","243"
"82942","255","255","255"
"83546","299","299","299"
"84150","299","299","299"
"84754","299","299","299"
"85358","299","299","299"
"85962","299","299","299"
"86566","299","299","299"
"87170","299","299","299"
"87774","299","299","299"
"88374","297","297","297"
"88978","299","299","299"
"89582","299","299","299"
"90082","247","247","247"
"90624","268","268","268"
"91228","299","299","299"
"91832","299","299","299"
"92436","299","299","299"
"93006","282","282","282"
"93580","284","284","284"
"94144","279","279","279"
"94748","299","299","299"
"95248","247","247","247"
"95852","299","299","299"
"96456","299","299","299"
"97060","299","299","299"
"97664","299","299","299"
"98268","299","299","299"
"98872","299","299","299"
"99476","299","299","299"
"100080","299","299","299"
"100684","299","299","299"
"101288","299","299","299"
"101792","249","249","249"
"102396","299","299","299"
"102914","256","256","256"
"103484","282","282","282"
"103960","235","235","235"
"104564","299","299","299"
"105168","299","299","299"
"105772","299","299","299"
"106376","299","299","299"
"106980","299","299","299"
"107418","216","216","216"
"107948","262","262","262"
"108504","275","275","275"
"109030","260","260","260"
"109624","294","294","294"
"110228","299","299","299"
"110672","219","219","219"
"111276","299","299","299"
"111880","299","299","299"
"112442","278","278","278"
"113046","299","299","299"
"113560","254","254","254"
"114140","287","287","287"
"114610","232","232","232"
"115178","281","281","281"
"115782","299","299","299"
"116386","299","299","299"
"116964","286","286","286"
"117568","299","299","299"
"118142","284","284","284"
"118550","201","201","201"
"119074","259","259","259"
"119678","299","299","299"
"120282","299","299","299"
"120786","249","249","249"
"121262","235","235","235"
"121600","166","166","166"
"122160","277","277","277"
"122764","299","299","299"
"123368","299","299","299"
"123880","253","253","253"
"124468","291","291","291"
"124970","248","248","248"
"125476","250","250","250"
"126002","260","260","260"
"126538","265","265","265"
"127142","299","299","299"
"127620","236","236","236"
"128224","299","299","299"
"128828","299","299","299"
"129432","299","299","299"
"130036","299","299","299"
"130592","275","275","275"
"130952","177","177","177"
"131554","298","298","298"
"132158","299","299","299"
"132652","244","244","244"
"133236","289","289","289"
"133694","226","226","226"
"134084","192","192","192"
"134688","299","299","299"
"135274","290","290","290"
"135658","189","189","189"
"136136","236","236","236"
"136570","214","214","214"
"137064","244","244","244"
"137432","181","181","181"
"137798","180","180","180"
"138286","241","241","241"
"138826","267","267","267"
"139250","209","209","209"
"139720","232","232","232"
"140142","208","208","208"
"140620","236","236","236"
"141018","196","196","196"
"141482","229","229","229"
"141820","166","166","166"
"142204","189","189","189"
"142596","193","193","193"
"143052","225","225","225"
"143532","237","237","237"
"144130","296","296","296"
"144706","285","285","285"
"145126","207","207","207"
"145482","175","175","175"
"145880","196","196","196"
"146244","179","179","179"
"146592","171","171","171"
"147162","282","282","282"
"147512","172","172","172"
"147896","189","189","189"
"148190","144","144","144"
"148522","163","163","163"
"148844","158","158","158"
"149102","126","126","126"
"149706","299","299","299"
"150152","220","220","220"
"150756","299","299","299"
"151198","218","218","218"
"151602","199","199","199"
"152106","249","249","249"
"152438","163","163","163"
"152822","189","189","189"
"153320","246","246","246"
"153678","176","176","176"
"154084","200","200","200"
"154424","167","167","167"
"154882","226","226","226"
"155368","240","240","240"
"155736","181","181","181"
"156170","214","214","214"
"156594","209","209","209"
"156940","170","170","170"
"157310","182","182","182"
"157640","162","162","162"
"157992","173","173","173"
"158436","219","219","219"
"158750","154","154","154"
"159100","172","172","172"
"159446","170","170","170"
"159808","178","178","178"
"160192","189","189","189"
"160592","197","197","197"
"160950","176","176","176"
"161388","216","216","216"
"161770","188","188","188"
"162180","202","202","202"
"162580","197","197","197"
"162930","172","172","172"
"163248","156","156","156"
"163624","185","185","185"
"163924","147","147","147"
"164228","149","149","149"
"164654","210","210","210"
"165084","212","212","212"
"165590","250","250","250"
"165878","141","141","141"
"166204","160","160","160"
"166744","267","267","267"
"167142","196","196","196"
"167440","146","146","146"
"167822","188","188","188"
"168134","153","153","153"
"168420","140","140","140"
"168810","192","192","192"
"169244","214","214","214"
"169622","186","186","186"
"170018","195","195","195"
"170406","191","191","191"
"170750","169","169","169"
"171152","198","198","198"
"171562","202","202","202"
"171868","150","150","150"
"172210","168","168","168"
"172534","159","159","159"
"172818","139","139","139"
"173056","116","116","116"
"173336","137","137","137"
"173560","109","109","109"
"173910","172","172","172"
"174254","169","169","169"
"174584","162","162","162"
"174966","188","188","188"
"175286","157","157","157"
"175576","142","142","142"
"176048","233","233","233"
"176286","116","116","116"
"176598","153","153","153"
"177004","200","200","200"
"177290","140","140","140"
"177632","168","168","168"
"177928","145","145","145"
"178256","161","161","161"
"178740","239","239","239"
"179066","160","160","160"
"179388","158","158","158"
"179790","198","198","198"
"180062","133","133","133"
"180384","158","158","158"
"180672","141","141","141"
"180944","133","133","133"
"181378","214","214","214"
"181870","243","243","243"
"182132","128","128","128"
"182452","157","157","157"
"182760","151","151","151"
"183096","165","165","165"
"183438","168","168","168"
"183796","176","176","176"
"184154","176","176","176"
"184494","167","167","167"
"184826","163","163","163"
"185154","161","161","161"
"185536","188","188","188"
"185900","179","179","179"
"186360","227","227","227"
"186584","109","109","109"
"186922","166","166","166"
"187282","177","177","177"
"187566","139","139","139"
"187858","143","143","143"
"188136","136","136","136"
"188418","138","138","138"
"188794","185","185","185"
"189188","194","194","194"
"189560","183","183","183"
"190000","217","217","217"
"190326","160","160","160"
"190580","124","124","124"
"190992","203","203","203"
"191296","149","149","149"
"191538","118","118","118"
"191784","120","120","120"
"192272","241","241","241"
"192640","181","181","181"
"192960","157","157","157"
"193280","157","157","157"
"193626","170","170","170"
"193862","115","115","115"
"194100","116","116","116"
"194334","114","114","114"
"194672","166","166","166"
"194992","157","157","157"
"195234","118","118","118"
"195512","136","136","136"
"195748","115","115","115"
"196028","137","137","137"
"196328","147","147","147"
"196610","138","138","138"
"196890","137","137","137"
"197136","120","120","120"
"197372","115","115","115"
"197694","158","158","158"
"197986","143","143","143"
"198270","139","139","139"
"198628","176","176","176"
"199090","228","228","228"
"199334","119","119","119"
"199640","150","150","150"
"200004","179","179","179"
"200298","144","144","144"
"200542","119","119","119"
"200804","128","128","128"
"201064","127","127","127"
"201338","134","134","134"
"201616","136","136","136"
"201894","136","136","136"
"202140","120","120","120"
"202444","149","149","149"
"202824","187","187","187"
"203176","173","173","173"
"203548","183","183","183"
"203952","199","199","199"
"204236","139","139","139"
"204518","138","138","138"
"204798","137","137","137"
"205064","130","130","130"
"205332","131","131","131"
"205578","120","120","120"
"205852","134","134","134"
"206114","128","128","128"
"206366","123","123","123"
"206624","126","126","126"
"206900","135","135","135"
"207174","134","134","134"
"207650","235","235","235"
"207964","154","154","154"
"208408","219","219","219"
"208700","143","143","143"
"209136","215","215","215"
"209454","156","156","156"
"209732","136","136","136"
"209984","123","123","123"
"210268","139","139","139"
"210584","155","155","155"
"211040","225","225","225"
"211428","191","191","191"
"211798","182","182","182"
"212076","136","136","136"
"212440","179","179","179"
"212688","121","121","121"
"212958","132","132","132"
"213242","139","139","139"
"213626","189","189","189"
"213904","136","136","136"
"214150","120","120","120"
"214538","191","191","191"
"214774","115","115","115"
"215204","212","212","212"
"215484","137","137","137"
"215722","116","116","116"
"216016","144","144","144"
"216272","125","125","125"
"216544","133","133","133"
"216918","184","184","184"
"217204","140","140","140"
"217526","158","158","158"
"217758","113","113","113"
"218034","135","135","135"
"218346","153","153","153"
"218768","208","208","208"
"219074","150","150","150"
"219372","146","146","146"
"219644","133","133","133"
"220002","176","176","176"
"220306","149","149","149"
"220592","140","140","140"
"220872","137","137","137"
"221152","137","137","137"
"221498","170","170","170"
"221810","153","153","153"
"222090","137","137","137"
"222406","155","155","155"
"222660","124","124","124"
"222952","143","143","143"
"223304","173","173","173"
"223618","154","154","154"
"223898","137","137","137"
"224176","136","136","136"
"224416","117","117","117"
"224652","115","115","115"
"224906","124","124","124"
"225158","123","123","123"
"225460","148","148","148"
"225734","134","134","134"
"226016","138","138","138"
"226286","132","132","132"
"226634","171","171","171"
"226962","161","161","161"
"227280","156","156","156"
"227584","149","149","149"
"227886","148","148","148"
"228236","172","172","172"
"228570","164","164","164"
"228904","164","164","164"
"229400","245","245","245"
"229750","172","172","172"
"230022","133","133","133"
"230312","142","142","142"
"230666","174","174","174"
"230986","157","157","157"
"231364","186","186","186"
"231802","216","216","216"
"232156","174","174","174"
"232522","180","180","180"
"232896","184","184","184"
"233366","232","232","232"
"233842","235","235","235"
"234390","271","271","271"
"234764","184","184","184"
"235200","215","215","215"
"235480","137","137","137"
"235802","158","158","158"
"236126","159","159","159"
"236438","153","153","153"
"236786","171","171","171"
"237090","149","149","149"
"237442","173","173","173"
"237882","217","217","217"
"238220","166","166","166"
"238570","172","172","172"
"238872","148","148","148"
"239118","120","120","120"
"239350","113","113","113"
"239576","110","110","110"
"239894","156","156","156"
"240176","138","138","138"
"240450","134","134","134"
"240758","151","151","151"
"240992","114","114","114"
"241208","105","105","105"
"241500","143","143","143"
"241860","177","177","177"
"242102","118","118","118"
"242466","179","179","179"
"242844","186","186","186"
"243124","137","137","137"
"243432","151","151","151"
"243732","147","147","147"
"244036","149","149","149"
"244284","121","121","121"
"244646","178","178","178"
"245016","182","182","182"
"245272","125","125","125"
"245582","152","152","152"
"245890","151","151","151"
"246224","164","164","164"
"246584","177","177","177"
"246868","139","139","139"
"247208","167","167","167"
"247526","156","156","156"
"247802","135","135","135"
"248154","173","173","173"
"248472","156","156","156"
"248846","184","184","184"
"249206","177","177","177"
"249658","223","223","223"
"249932","134","134","134"
"250536","299","299","299"
"250822","140","140","140"
"251154","163","163","163"
"251402","121","121","121"
"251922","257","257","257"
"252336","204","204","204"
"252704","181","181","181"
"253088","189","189","189"
"253454","180","180","180"
"253872","206","206","206"
"254382","252","252","252"
"254780","196","196","196"
"255260","237","237","237"
"255668","201","201","201"
"256122","224","224","224"
"256460","166","166","166"
"256892","213","213","213"
"257308","205","205","205"
"257784","235","235","235"
"258080","145","145","145"
"258550","232","232","232"
"259154","299","299","299"
"259472","156","156","156"
"260018","270","270","270"
"260412","194","194","194"
"260756","169","169","169"
"261102","170","170","170"
"261394","143","143","143"
"261778","189","189","189"
"262116","166","166","166"
"262482","180","180","180"
"262754","133","133","133"
"263174","207","207","207"
"263528","174","174","174"
"263972","219","219","219"
"264322","172","172","172"
"264572","122","122","122"
"265038","230","230","230"
"265346","151","151","151"
"265826","237","237","237"
"266212","190","190","190"
"266622","202","202","202"
"266978","175","175","175"
"267318","167","167","167"
"267688","182","182","182"
"268166","236","236","236"
"268728","278","278","278"
"269094","180","180","180"
"269436","168","168","168"
"269830","194","194","194"
"270194","179","179","179"
"270798","299","299","299"
"271402","299","299","299"
"271996","294","294","294"
"272548","273","273","273"
"272980","213","213","213"
"273400","207","207","207"
"273784","189","189","189"
"274158","184","184","184"
"274588","212","212","212"
"275192","299","299","299"
"275654","228","228","228"
"276086","213","213","213"
"276450","179","179","179"
"276752","148","148","148"
"277218","230","230","230"
"277654","215","215","215"
"278258","299","299","299"
"278690","213","213","213"
"279138","221","221","221"
"279670","263","263","263"
"280140","232","232","232"
"280598","226","226","226"
"281202","299","299","299"
"281806","299","299","299"
"282410","299","299","299"
"282948","266","266","266"
"283552","299","299","299"
"284156","299","299","299"
"284760","299","299","299"
"285318","276","276","276"
"285746","211","211","211"
"286176","212","212","212"
"286780","299","299","299"
"287384","299","299","299"
"287828","219","219","219"
"288304","235","235","235"
"288908","299","299","299"
"289396","241","241","241"
"289976","287","287","287"
"290580","299","299","299"
"291184","299","299","299"
"291742","276","276","276"
"292230","241","241","241"
"292834","299","299","299"
"293142","151","151","151"
"293590","221","221","221"
"294194","299","299","299"
"294622","211","211","211"
"295120","246","246","246"
"295724","299","299","299"
"296122","196","196","196"
"296726","299","299","299"
"297216","242","242","242"
"297582","180","180","180"
"298006","209","209","209"
"298408","198","198","198"
"298692","139","139","139"
"299296","299","299","299"
"299658","178","178","178"
"300202","269","269","269"
"300806","299","299","299"
"301392","290","290","290"
"301996","299","299","299"
"302600","299","299","299"
"303204","299","299","299"
"303808","299","299","299"
"304412","299","299","299"
"305016","299","299","299"
"305620","299","299","299"
"306138","256","256","256"
"306738","297","297","297"
"307284","270","270","270"
"307816","263","263","263"
"308302","240","240","240"
"308906","299","299","299"
"309486","287","287","287"
"310090","299","299","299"
"310694","299","299","299"
"311298","299","299","299"
"311902","299","299","299"
"312506","299","299","299"
"313110","299","299","299"
"313714","299","299","299"
"314318","299","299","299"
"314922","299","299","299"
"315526","299","299","299"
"316130","299","299","299"
"316734","299","299","299"
"317338","299","299","299"
"317942","299","299","299"
"318546","299","299","299"
"319150","299","299","299"
"319754","299","299","299"
"320358","299","299","299"
"320962","299","299","299"
"321566","299","299","299"
"322170","299","299","299"
"322774","299","299","299"
"323378","299","299","299"
"323982","299","299","299"
"324586","299","299","299"
"325190","299","299","299"
"325794","299","299","299"
"326398","299","299","299"
"327002","299","299","299"
"327606","299","299","299"
"328210","299","299","299"
"328814","299","299","299"
"329418","299","299","299"
"330022","299","299","299"
"330626","299","299","299"
"331230","299","299","299"
"331834","299","299","299"
"332438","299","299","299"
"333042","299","299","299"
"333646","299","299","299"
"334250","299","299","299"
"334854","299","299","299"
"335458","299","299","299"
"336062","299","299","299"
"336666","299","299","299"
"337270","299","299","299"
"337874","299","299","299"
"338478","299","299","299"
"339082","299","299","299"
"339686","299","299","299"
"340290","299","299","299"
"340894","299","299","299"
"341498","299","299","299"
"342102","299","299","299"
"342706","299","299","299"
"343310","299","299","299"
"343914","299","299","299"
"344518","299","299","299"
"345122","299","299","299"
"345726","299","299","299"
"346330","299","299","299"
"346934","299","299","299"
"347538","299","299","299"
"348142","299","299","299"
"348746","299","299","299"
"349350","299","299","299"
"349954","299","299","299"
"350558","299","299","299"
"351162","299","299","299"
"351766","299","299","299"
"352370","299","299","299"
"352974","299","299","299"
"353578","299","299","299"
"354182","299","299","299"
"354786","299","299","299"
"355390","299","299","299"
"355994","299","299","299"
"356598","299","299","299"
"357202","299","299","299"
"357806","299","299","299"
"358410","299","299","299"
"359014","299","299","299"
"359532","256","256","256"
"360136","299","299","299"
"360740","299","299","299"
"361344","299","299","299"
"361736","193","193","193"
"362340","299","299","299"
"362884","269","269","269"
"363488","299","299","299"
"364092","299","299","299"
"364696","299","299","299"
"365300","299","299","299"
"365904","299","299","299"
"366508","299","299","299"
"367112","299","299","299"
"367716","299","299","299"
"368320","299","299","299"
"368924","299","299","299"
"369528","299","299","299"
"370132","299","299","299"
"370736","299","299","299"
"371340","299","299","299"
"371944","299","299","299"
"372400","225","225","225"
"373004","299","299","299"
"373608","299","299","299"
"374212","299","299","299"
"374558","170","170","170"
"375162","299","299","299"
"375766","299","299","299"
"376370","299","299","299"
"376974","299","299","299"
"377578","299","299","299"
"378182","299","299","299"
"378786","299","299","299"
"379390","299","299","299"
"379994","299","299","299"
"380598","299","299","299"
"381202","299","299","299"
"381806","299","299","299"
"382410","299","299","299"
"383014","299","299","299"
"383618","299","299","299"
"384222","299","299","299"
"384826","299","299","299"
"385430","299","299","299"
"386034","299","299","299"
"386524","242","242","242"
"387128","299","299","299"
"387732","299","299","299"
"388336","299","299","299"
"388916","287","287","287"
"389520","299","299","299"
"390124","299","299","299"
"390728","299","299","299"
"391332","299","299","299"
"391936","299","299","299"
"392540","299","299","299"
"393144","299","299","299"
"393748","299","299","299"
"394352","299","299","299"
"394956","299","299","299"
"395560","299","299","299"
"396056","245","245","245"
"396660","299","299","299"
"397214","274","274","274"
"397754","267","267","267"
"398358","299","299","299"
"398892","264","264","264"
"399496","299","299","299"
"400100","299","299","299"
"400704","299","299","299"
"401232","261","261","261"
"401836","299","299","299"
"402440","299","299","299"
"403044","299","299","299"
"403648","299","299","299"
"404252","299","299","299"
"404856","299","299","299"
"405460","299","299","299"
"406044","289","289","289"
"406648","299","299","299"
"407252","299","299","299"
"407856","299","299","299"
"408460","299","299","299"
"409064","299","299","299"
"409668","299","299","299"
"410272","299","299","299"
"410876","299","299","299"
"411480","299","299","299"
"412084","299","299","299"
"412688","299","299","299"
"413292","299","299","299"
"413896","299","299","299"
"414458","278","278","278"
"415062","299","299","299"
"415644","288","288","288"
"416248","299","299","299"
"416792","269","269","269"
"417396","299","299","299"
"418000","299","299","299"
"418604","299","299","299"
"419208","299","299","299"
"419720","253","253","253"
"420250","262","262","262"
"420768","256","256","256"
"421372","299","299","299"
"421976","299","299","299"
"422478","248","248","248"
"422894","205","205","205"
"423498","299","299","299"
"423998","247","247","247"
"424490","243","243","243"
"425094","299","299","299"
"425436","168","168","168"
"426040","299","299","299"
"426644","299","299","299"
"427248","299","299","299"
"427810","278","278","278"
"428414","299","299","299"
"429018","299","299","299"
"429622","299","299","299"
"430226","299","299","299"
"430830","299","299","299"
"431434","299","299","299"
"432038","299","299","299"
"432642","299","299","299"
"433216","284","284","284"
"433820","299","299","299"
"434424","299","299","299"
"435028","299","299","299"
"435632","299","299","299"
"436236","299","299","299"
"436840","299","299","299"
"437444","299","299","299"
"438048","299","299","299"
"438652","299","299","299"
"439256","299","299","299"
"439860","299","299","299"
"440464","299","299","299"
"441068","299","299","299"
"441672","299","299","299"
"442276","299","299","299"
"442880","299","299","299"
"443484","299","299","299"
"444088","299","299","299"
"444692","299","299","299"
"445296","299","299","299"
"445900","299","299","299"
"446504","299","299","299"
"447108","299","299","299"
"447712","299","299","299"
"448316","299","299","299"
"448920","299","299","299"
"449524","299","299","299"
"450128","299","299","299"
"450732","299","299","299"
"451336","299","299","299"
"451940","299","299","299"
"452544","299","299","299"
"453148","299","299","299"
"453728","287","287","287"
"454332","299","299","299"
"454936","299","299","299"
"455540","299","299","299"
"456060","257","257","257"
"456664","299","299","299"
"457268","299","299","299"
"457872","299","299","299"
"458476","299","299","299"
"459080","299","299","299"
"459684","299","299","299"
"460288","299","299","299"
"460892","299","299","299"
"461496","299","299","299"
"462100","299","299","299"
"462704","299","299","299"
"463308","299","299","299"
"463912","299","299","299"
"464516","299","299","299"
"465120","299","299","299"
"465724","299","299","299"
"466328","299","299","299"
"466932","299","299","299"
"467536","299","299","299"
"468140","299","299","299"
"468744","299","299","299"
"469348","299","299","299"
"469952","299","299","299"
"470556","299","299","299"
"471160","299","299","299"
"471764","299","299","299"
"472368","299","299","299"
"472972","299","299","299"
"473576","299","299","299"
"474180","299","299","299"
"474784","299","299","299"
"475388","299","299","299"
"475992","299","299","299"
"476596","299","299","299"
"477200","299","299","299"
"477804","299","299","299"
"478408","299","299","299"
"479012","299","299","299"
"479616","299","299","299"
"480220","299","299","299"
"480824","299","299","299"
"481428","299","299","299"
"482032","299","299","299"
"482636","299","299","299"
"483240","299","299","299"
"483844","299","299","299"
"484448","299","299","299"
"485052","299","299","299"
"485656","299","299","299"
"486260","299","299","299"
"486864","299","299","299"
"487468","299","299","299"
"488072","299","299","299"
"488676","299","299","299"
"489280","299","299","299"
"489884","299","299","299"
"490488","299","299","299"
"491092","299","299","299"
"491696","299","299","299"
"492300","299","299","299"
"492904","299","299","299"
"493508","299","299","299"
"494112","299","299","299"
"494716","299","299","299"
"495320","299","299","299"
"495924","299","299","299"
"496528","299","299","299"
"497132","299","299","299"
"497736","299","299","299"
"498340","299","299","299"
"498944","299","299","299"
"499548","299","299","299"
"500152","299","299","299"
"500756","299","299","299"
"501360","299","299","299"
"501964","299","299","299"
"502568","299","299","299"
"503172","299","299","299"
"503776","299","299","299"
"504380","299","299","299"
"504984","299","299","299"
"505588","299","299","299"
"506192","299","299","299"
"506796","299","299","299"
"507400","299","299","299"
"508004","299","299","299"
"508608","299","299","299"
"509212","299","299","299"
"509816","299","299","299"
"510420","299","299","299"
"511024","299","299","299"
"511628","299","299","299"
"512232","299","299","299"
"512836","299","299","299"
"513440","299","299","299"
"514044","299","299","299"
"514648","299","299","299"
"515252","299","299","299"
"515856","299","299","299"
"516460","299","299","299"
"517064","299","299","299"
"517668","299","299","299"
"518272","299","299","299"
"518876","299","299","299"
"519480","299","299","299"
"520084","299","299","299"
"520688","299","299","299"
"521292","299","299","299"
"521896","299","299","299"
"522500","299","299","299"
"523104","299","299","299"
"523708","299","299","299"
"524312","299","299","299"
"524916","299","299","299"
"525520","299","299","299"
"526124","299","299","299"
"526728","299","299","299"
"527332","299","299","299"
"527936","299","299","299"
"528540","299","299","299"
"529144","299","299","299"
"529748","299","299","299"
"530352","299","299","299"
"530956","299","299","299"
"531560","299","299","299"
"532164","299","299","299"
"532768","299","299","299"
"533372","299","299","299"
"533976","299","299","299"
"534580","299","299","299"
"535184","299","299","299"
"535788","299","299","299"
"536392","299","299","299"
"536996","299","299","299"
"537600","299","299","299"
"538204","299","299","299"
"538808","299","299","299"
"539412","299","299","299"
"540016","299","299","299"
"540620","299","299","299"
"541224","299","299","299"
"541828","299","299","299"
"542432","299","299","299"
"543036","299","299","299"
"543640","299","299","299"
"544244","299","299","299"
"544848","299","299","299"
"545452","299","299","299"
"546056","299","299","299"
"546660","299","299","299"
"547264","299","299","299"
"547868","299","299","299"
"548472","299","299","299"
"549076","299","299","299"
"549680","299","299","299"
"550284","299","299","299"
"550888","299","299","299"
"551492","299","299","299"
"552096","299","299","299"
"552700","299","299","299"
"553304","299","299","299"
"553908","299","299","299"
"554512","299","299","299"
"555116","299","299","299"
"555720","299","299","299"
"556324","299","299","299"
"556928","299","299","299"
"557532","299","299","299"
"558136","299","299","299"
"558740","299","299","299"
"559344","299","299","299"
"559948","299","299","299"
"560552","299","299","299"
"561156","299","299","299"
"561760","299","299","299"
"562364","299","299","299"
"562968","299","299","299"
"563572","299","299","299"
"564176","299","299","299"
"564780","299","299","299"
"565384","299","299","299"
"565988","299","299","299"
"566592","299","299","299"
"567196","299","299","299"
"567800","299","299","299"
"568404","299","299","299"
"569008","299","299","299"
"569612","299","299","299"
"570216","299","299","299"
"570820","299","299","299"
"571424","299","299","299"
"572028","299","299","299"
"572632","299","299","299"
"573236","299","299","299"
"573804","281","281","281"
"574358","274","274","274"
"574962","299","299","299"
"575516","274","274","274"
"575928","203","203","203"
"576532","299","299","299"
"577050","256","256","256"
"577578","261","261","261"
"578182","299","299","299"
"578748","280","280","280"
"579352","299","299","299"
"579770","206","206","206"
"580306","265","265","265"
"580910","299","299","299"
"581480","282","282","282"
"582084","299","299","299"
"582478","194","194","194"
"582958","237","237","237"
"583562","299","299","299"
"584166","299","299","299"
"584770","299","299","299"
"585374","299","299","299"
"585978","299","299","299"
"586582","299","299","299"
"587034","223","223","223"
"587418","189","189","189"
"587992","284","284","284"
"588596","299","299","299"
"589034","216","216","216"
"589638","299","299","299"
"590022","189","189","189"
"590474","223","223","223"
"591078","299","299","299"
"591356","136","136","136"
"591760","199","199","199"
"592022","128","128","128"
"592258","115","115","115"
"592858","297","297","297"
"593388","262","262","262"
"593992","299","299","299"
"594596","299","299","299"
"595200","299","299","299"
"595804","299","299","299"
"596408","299","299","299"
"596962","274","274","274"
"597566","299","299","299"
"598170","299","299","299"
"598774","299","299","299"
"599378","299","299","299"
"599982","299","299","299"
"600586","299","299","299"
"601190","299","299","299"
"601794","299","299","299"
"602398","299","299","299"
"603002","299","299","299"
"603606","299","299","299"
"604210","299","299","299"
"604744","264","264","264"
"605348","299","299","299"
"605894","270","270","270"
"606456","278","278","278"
"607060","299","299","299"
"607664","299","299","299"
"608268","299","299","299"
"608872","299","299","299"
"609476","299","299","299"
"610080","299","299","299"
"610684","299","299","299"
"611288","299","299","299"
"611892","299","299","299"
"612496","299","299","299"
"613100","299","299","299"
"613704","299","299","299"
"614308","299","299","299"
"614912","299","299","299"
"615516","299","299","299"
"616120","299","299","299"
"616724","299","299","299"
"617328","299","299","299"
"617932","299","299","299"
"618536","299","299","299"
"619140","299","299","299"
"619744","299","299","299"
"620348","299","299","299"
"620952","299","299","299"
"621556","299","299","299"
"622160","299","299","299"
"622764","299","299","299"
"623368","299","299","299"
"623972","299","299","299"
"624576","299","299","299"
"625180","299","299","299"
"625784","299","299","299"
"626388","299","299","299"
"626992","299","299","299"
"627596","299","299","299"
"628200","299","299","299"
"628804","299","299","299"
"629408","299","299","299"
"630012","299","299","299"
"630616","299","299","299"
"631220","299","299","299"
"631824","299","299","299"
"632428","299","299","299"
"633032","299","299","299"
"633636","299","299","299"
"634240","299","299","299"
"634844","299","299","299"
"635448","299","299","299"
"636052","299","299","299"
"636656","299","299","299"
"637260","299","299","299"
"637864","299","299","299"
"638468","299","299","299"
"639072","299","299","299"
"639676","299","299","299"
"640280","299","299","299"
"640884","299","299","299"
"641488","299","299","299"
"642092","299","299","299"
"642696","299","299","299"
"643300","299","299","299"
"643904","299","299","299"
"644508","299","299","299"
"645112","299","299","299"
"645716","299","299","299"
"646320","299","299","299"
"646924","299","299","299"
"647528","299","299","299"
"648132","299","299","299"
"648736","299","299","299"
"649340","299","299","299"
"649944","299","299","299"
"650548","299","299","299"
"651152","299","299","299"
"651756","299","299","299"
"652360","299","299","299"
"652964","299","299","299"
"653568","299","299","299"
"654150","288","288","288"
"654754","299","299","299"
"655358","299","299","299"
"655962","299","299","299"
"656566","299","299","299"
"657170","299","299","299"
"657774","299","299","299"
"658378","299","299","299"
"658982","299","299","299"
"659586","299","299","299"
"660190","299","299","299"
"660794","299","299","299"
"661398","299","299","299"
"662002","299","299","299"
"662606","299","299","299"
"663210","299","299","299"
"663814","299","299","299"
"664418","299","299","299"
"665010","293","293","293"
"665614","299","299","299"
"666218","299","299","299"
"666822","299","299","299"
"667426","299","299","299"
"668030","299","299","299"
"668634","299","299","299"
"669238","299","299","299"
"669842","299","299","299"
"670446","299","299","299"
"671050","299","299","299"
"671654","299","299","299"
"672258","299","299","299"
"672862","299","299","299"
"673466","299","299","299"
"674070","299","299","299"
"674674","299","299","299"
"675278","299","299","299"
"675860","288","288","288"
"676464","299","299","299"
"677068","299","299","299"
"677672","299","299","299"
"678276","299","299","299"
"678880","299","299","299"
"679484","299","299","299"
"680088","299","299","299"
"680634","270","270","270"
"681238","299","299","299"
"681842","299","299","299"
"682446","299","299","299"
"683050","299","299","299"
"683654","299","299","299"
"684228","284","284","284"
"684832","299","299","299"
"685436","299","299","299"
"686040","299","299","299"
"686578","266","266","266"
"687182","299","299","299"
"687764","288","288","288"
"688368","299","299","299"
"688972","299","299","299"
"689576","299","299","299"
"690180","299","299","299"
"690784","299","299","299"
"691388","299","299","299"
"691992","299","299","299"
"692576","289","289","289"
"693180","299","299","299"
"693784","299","299","299"
"694388","299","299","299"
"694992","299","299","299"
"695596","299","299","299"
"695954","176","176","176"
"696386","213","213","213"
"696990","299","299","299"
"697594","299","299","299"
"698198","299","299","299"
"698802","299","299","299"
"699406","299","299","299"
"700010","299","299","299"
"700604","294","294","294"
"701208","299","299","299"
"701812","299","299","299"
"702416","299","299","299"
"703020","299","299","299"