"Step","typical_run - mean_reward","typical_run - mean_reward__MIN","typical_run - mean_reward__MAX"
"540","0.07000000029802322","0.07000000029802322","0.07000000029802322"
"1144","0.05833333358168602","0.05833333358168602","0.05833333358168602"
"1748","0.041111111640930176","0.041111111640930176","0.041111111640930176"
"2352","0.03750000149011612","0.03750000149011612","0.03750000149011612"
"2956","0.03199999779462814","0.03199999779462814","0.03199999779462814"
"3560","0.03999999910593033","0.03999999910593033","0.03999999910593033"
"4164","0.043809521943330765","0.043809521943330765","0.043809521943330765"
"4768","0.04125000163912773","0.04125000163912773","0.04125000163912773"
"5372","0.04333333298563957","0.04333333298563957","0.04333333298563957"
"5976","0.04399999976158142","0.04399999976158142","0.04399999976158142"
"6580","0.046060606837272644","0.046060606837272644","0.046060606837272644"
"7184","0.046388890594244","0.046388890594244","0.046388890594244"
"7788","0.045897435396909714","0.045897435396909714","0.045897435396909714"
"8392","0.04928571358323097","0.04928571358323097","0.04928571358323097"
"8996","0.048222221434116364","0.048222221434116364","0.048222221434116364"
"9600","0.04833333566784859","0.04833333566784859","0.04833333566784859"
"10204","0.048627451062202454","0.048627451062202454","0.048627451062202454"
"10808","0.05000000074505806","0.05000000074505806","0.05000000074505806"
"11412","0.05157895013689995","0.05157895013689995","0.05157895013689995"
"12016","0.052666667848825455","0.052666667848825455","0.052666667848825455"
"12620","0.05523809418082237","0.05523809418082237","0.05523809418082237"
"13224","0.05606060475111008","0.05606060475111008","0.05606060475111008"
"13828","0.05782608315348625","0.05782608315348625","0.05782608315348625"
"14432","0.057083334773778915","0.057083334773778915","0.057083334773778915"
"15036","0.06026666611433029","0.06026666611433029","0.06026666611433029"
"15640","0.062179483473300934","0.062179483473300934","0.062179483473300934"
"16244","0.06333333253860474","0.06333333253860474","0.06333333253860474"
"16848","0.06452380865812302","0.06452380865812302","0.06452380865812302"
"17452","0.06494253128767014","0.06494253128767014","0.06494253128767014"
"18056","0.06611111015081406","0.06611111015081406","0.06611111015081406"
"18660","0.0670967772603035","0.0670967772603035","0.0670967772603035"
"19264","0.06677083671092987","0.06677083671092987","0.06677083671092987"
"19868","0.06949495524168015","0.06949495524168015","0.06949495524168015"
"20472","0.07117646932601929","0.07117646932601929","0.07117646932601929"
"21076","0.07066666334867477","0.07066666334867477","0.07066666334867477"
"21680","0.07277777791023254","0.07277777791023254","0.07277777791023254"
"22284","0.07504504919052124","0.07504504919052124","0.07504504919052124"
"22888","0.07578947395086288","0.07578947395086288","0.07578947395086288"
"23492","0.07760683447122574","0.07760683447122574","0.07760683447122574"
"24096","0.07850000262260437","0.07850000262260437","0.07850000262260437"
"24700","0.07845528423786163","0.07845528423786163","0.07845528423786163"
"25304","0.08007936179637909","0.08007936179637909","0.08007936179637909"
"25908","0.08224806189537048","0.08224806189537048","0.08224806189537048"
"26512","0.08340909332036972","0.08340909332036972","0.08340909332036972"
"27116","0.0842222198843956","0.0842222198843956","0.0842222198843956"
"27720","0.08463767915964127","0.08463767915964127","0.08463767915964127"
"28324","0.0848936215043068","0.0848936215043068","0.0848936215043068"
"28928","0.08624999970197678","0.08624999970197678","0.08624999970197678"
"29510","0.15685206651687622","0.15685206651687622","0.15685206651687622"
"30114","0.15631462633609772","0.15631462633609772","0.15631462633609772"
"30718","0.15605990588665009","0.15605990588665009","0.15605990588665009"
"31322","0.15543010830879211","0.15543010830879211","0.15543010830879211"
"31926","0.15539053082466125","0.15539053082466125","0.15539053082466125"
"32530","0.15584656596183777","0.15584656596183777","0.15584656596183777"
"33134","0.1549517959356308","0.1549517959356308","0.1549517959356308"
"33738","0.15545892715454102","0.15545892715454102","0.15545892715454102"
"34342","0.15542161464691162","0.15542161464691162","0.15542161464691162"
"34946","0.1553855836391449","0.1553855836391449","0.1553855836391449"
"35550","0.156255304813385","0.156255304813385","0.156255304813385"
"36154","0.15676246583461761","0.15676246583461761","0.15676246583461761"
"36758","0.15626879036426544","0.15626879036426544","0.15626879036426544"
"37362","0.15708214044570923","0.15708214044570923","0.15708214044570923"
"37966","0.15696966648101807","0.15696966648101807","0.15696966648101807"
"38570","0.1576424092054367","0.1576424092054367","0.1576424092054367"
"39174","0.15752474963665009","0.15752474963665009","0.15752474963665009"
"39654","0.20940843224525452","0.20940843224525452","0.20940843224525452"
"40258","0.2090178281068802","0.2090178281068802","0.2090178281068802"
"40862","0.20888474583625793","0.20888474583625793","0.20888474583625793"
"41426","0.2575823664665222","0.2575823664665222","0.2575823664665222"
"42030","0.25656476616859436","0.25656476616859436","0.25656476616859436"
"42548","0.3036288022994995","0.3036288022994995","0.3036288022994995"
"43152","0.30148154497146606","0.30148154497146606","0.30148154497146606"
"43720","0.34636253118515015","0.34636253118515015","0.34636253118515015"
"44324","0.34409868717193604","0.34409868717193604","0.34409868717193604"
"44880","0.3874204754829407","0.3874204754829407","0.3874204754829407"
"45482","0.42920294404029846","0.42920294404029846","0.42920294404029846"
"45998","0.47077852487564087","0.47077852487564087","0.47077852487564087"
"46488","0.5117214322090149","0.5117214322090149","0.5117214322090149"
"47092","0.5076430439949036","0.5076430439949036","0.5076430439949036"
"47656","0.5464134812355042","0.5464134812355042","0.5464134812355042"
"48238","0.5840593576431274","0.5840593576431274","0.5840593576431274"
"48738","0.6218591332435608","0.6218591332435608","0.6218591332435608"
"49150","0.6600384712219238","0.6600384712219238","0.6600384712219238"
"49720","0.695397138595581","0.695397138595581","0.695397138595581"
"50324","0.6895380616188049","0.6895380616188049","0.6895380616188049"
"50874","0.7240384221076965","0.7240384221076965","0.7240384221076965"
"51368","0.7586327791213989","0.7586327791213989","0.7586327791213989"
"51766","0.7940479516983032","0.7940479516983032","0.7940479516983032"
"52370","0.7867429852485657","0.7867429852485657","0.7867429852485657"
"52794","0.8208693265914917","0.8208693265914917","0.8208693265914917"
"53312","0.8529389500617981","0.8529389500617981","0.8529389500617981"
"53884","0.8835012912750244","0.8835012912750244","0.8835012912750244"
"54348","0.9152479767799377","0.9152479767799377","0.9152479767799377"
"54814","0.9464239478111267","0.9464239478111267","0.9464239478111267"
"55270","0.9772900938987732","0.9772900938987732","0.9772900938987732"
"55710","1.0078715085983276","1.0078715085983276","1.0078715085983276"
"56174","1.0375289916992188","1.0375289916992188","1.0375289916992188"
"56736","1.0648844242095947","1.0648844242095947","1.0648844242095947"
"57260","1.0924324989318848","1.0924324989318848","1.0924324989318848"
"57844","1.118279218673706","1.118279218673706","1.118279218673706"
"58232","1.1475160121917725","1.1475160121917725","1.1475160121917725"
"58614","1.1764887571334839","1.1764887571334839","1.1764887571334839"
"59086","1.2032414674758911","1.2032414674758911","1.2032414674758911"
"59578","1.2291561365127563","1.2291561365127563","1.2291561365127563"
"60014","1.2557913064956665","1.2557913064956665","1.2557913064956665"
"60528","1.2803815603256226","1.2803815603256226","1.2803815603256226"
"60996","1.3055812120437622","1.3055812120437622","1.3055812120437622"
"61490","1.3298321962356567","1.3298321962356567","1.3298321962356567"
"62094","1.31846022605896","1.31846022605896","1.31846022605896"
"62532","1.3433619737625122","1.3433619737625122","1.3433619737625122"
"62960","1.3681687116622925","1.3681687116622925","1.3681687116622925"
"63374","1.392951250076294","1.392951250076294","1.392951250076294"
"63842","1.4161754846572876","1.4161754846572876","1.4161754846572876"
"64262","1.4401752948760986","1.4401752948760986","1.4401752948760986"
"64756","1.4621814489364624","1.4621814489364624","1.4621814489364624"
"65266","1.4834890365600586","1.4834890365600586","1.4834890365600586"
"65684","1.506617784500122","1.506617784500122","1.506617784500122"
"66094","1.5296106338500977","1.5296106338500977","1.5296106338500977"
"66542","1.551429033279419","1.551429033279419","1.551429033279419"
"66858","1.576081395149231","1.576081395149231","1.576081395149231"
"67366","1.595913052558899","1.595913052558899","1.595913052558899"
"67800","1.617222785949707","1.617222785949707","1.617222785949707"
"68306","1.6365243196487427","1.6365243196487427","1.6365243196487427"
"68910","1.6238499879837036","1.6238499879837036","1.6238499879837036"
"69434","1.6423664093017578","1.6423664093017578","1.6423664093017578"
"70022","1.6590497493743896","1.6590497493743896","1.6590497493743896"
"70626","1.6465760469436646","1.6465760469436646","1.6465760469436646"
"71230","1.6342573165893555","1.6342573165893555","1.6342573165893555"
"71762","1.6518861055374146","1.6518861055374146","1.6518861055374146"
"72258","1.6701205968856812","1.6701205968856812","1.6701205968856812"
"72770","1.6877334117889404","1.6877334117889404","1.6877334117889404"
"73338","1.7037626504898071","1.7037626504898071","1.7037626504898071"
"73906","1.7195457220077515","1.7195457220077515","1.7195457220077515"
"74450","1.7356781959533691","1.7356781959533691","1.7356781959533691"
"74918","1.7533650398254395","1.7533650398254395","1.7533650398254395"
"75522","1.740811824798584","1.740811824798584","1.740811824798584"
"76126","1.728431224822998","1.728431224822998","1.728431224822998"
"76618","1.7451989650726318","1.7451989650726318","1.7451989650726318"
"76988","1.7645890712738037","1.7645890712738037","1.7645890712738037"
"77476","1.7810600996017456","1.7810600996017456","1.7810600996017456"
"77944","1.797789454460144","1.797789454460144","1.797789454460144"
"78454","1.8133162260055542","1.8133162260055542","1.8133162260055542"
"78864","1.831002116203308","1.831002116203308","1.831002116203308"
"79384","1.8459275960922241","1.8459275960922241","1.8459275960922241"
"79882","1.8611496686935425","1.8611496686935425","1.8611496686935425"
"80358","1.8767002820968628","1.8767002820968628","1.8767002820968628"
"80914","1.8902350664138794","1.8902350664138794","1.8902350664138794"
"81352","1.9063396453857422","1.9063396453857422","1.9063396453857422"
"81936","1.918824553489685","1.918824553489685","1.918824553489685"
"82428","1.933302402496338","1.933302402496338","1.933302402496338"
"82944","1.9470171928405762","1.9470171928405762","1.9470171928405762"
"83548","1.9341959953308105","1.9341959953308105","1.9341959953308105"
"84152","1.9216784238815308","1.9216784238815308","1.9216784238815308"
"84756","1.909220576286316","1.909220576286316","1.909220576286316"
"85360","1.8968915939331055","1.8968915939331055","1.8968915939331055"
"85964","1.8845018148422241","1.8845018148422241","1.8845018148422241"
"86568","1.872657060623169","1.872657060623169","1.872657060623169"
"87172","1.8605839014053345","1.8605839014053345","1.8605839014053345"
"87776","1.8487684726715088","1.8487684726715088","1.8487684726715088"
"88376","1.8603644371032715","1.8603644371032715","1.8603644371032715"
"88980","1.8487329483032227","1.8487329483032227","1.8487329483032227"
"89584","1.8369662761688232","1.8369662761688232","1.8369662761688232"
"90084","1.8504960536956787","1.8504960536956787","1.8504960536956787"
"90626","1.8630073070526123","1.8630073070526123","1.8630073070526123"
"91230","1.8515347242355347","1.8515347242355347","1.8515347242355347"
"91834","1.840541958808899","1.840541958808899","1.840541958808899"
"92438","1.8293877840042114","1.8293877840042114","1.8293877840042114"
"93008","1.841168761253357","1.841168761253357","1.841168761253357"
"93582","1.8527052402496338","1.8527052402496338","1.8527052402496338"
"94146","1.86430025100708","1.86430025100708","1.86430025100708"
"94750","1.8533517122268677","1.8533517122268677","1.8533517122268677"
"95250","1.8660621643066406","1.8660621643066406","1.8660621643066406"
"95854","1.8552495241165161","1.8552495241165161","1.8552495241165161"
"96458","1.844655990600586","1.844655990600586","1.844655990600586"
"97062","1.833986759185791","1.833986759185791","1.833986759185791"
"97666","1.823614239692688","1.823614239692688","1.823614239692688"
"98270","1.8134922981262207","1.8134922981262207","1.8134922981262207"
"98874","1.8034735918045044","1.8034735918045044","1.8034735918045044"
"99478","1.7933133840560913","1.7933133840560913","1.7933133840560913"
"100082","1.7833967208862305","1.7833967208862305","1.7833967208862305"
"100686","1.7735388278961182","1.7735388278961182","1.7735388278961182"
"101290","1.7640570402145386","1.7640570402145386","1.7640570402145386"
"101794","1.7763384580612183","1.7763384580612183","1.7763384580612183"
"102398","1.7668640613555908","1.7668640613555908","1.7668640613555908"
"102916","1.7787363529205322","1.7787363529205322","1.7787363529205322"
"103486","1.7895842790603638","1.7895842790603638","1.7895842790603638"
"103962","1.801932692527771","1.801932692527771","1.801932692527771"
"104566","1.7925450801849365","1.7925450801849365","1.7925450801849365"
"105170","1.782767653465271","1.782767653465271","1.782767653465271"
"105774","1.7737680673599243","1.7737680673599243","1.7737680673599243"
"106378","1.7646057605743408","1.7646057605743408","1.7646057605743408"
"106982","1.7553961277008057","1.7553961277008057","1.7553961277008057"
"107420","1.7681423425674438","1.7681423425674438","1.7681423425674438"
"107950","1.7792574167251587","1.7792574167251587","1.7792574167251587"
"108506","1.7898321151733398","1.7898321151733398","1.7898321151733398"
"109032","1.800797700881958","1.800797700881958","1.800797700881958"
"109626","1.8105268478393555","1.8105268478393555","1.8105268478393555"
"110230","1.801446557044983","1.801446557044983","1.801446557044983"
"110674","1.8135379552841187","1.8135379552841187","1.8135379552841187"
"111278","1.8045991659164429","1.8045991659164429","1.8045991659164429"
"111882","1.7956666946411133","1.7956666946411133","1.7956666946411133"
"112444","1.8056937456130981","1.8056937456130981","1.8056937456130981"
"113048","1.7969725131988525","1.7969725131988525","1.7969725131988525"
"113562","1.8076587915420532","1.8076587915420532","1.8076587915420532"
"114142","1.8171908855438232","1.8171908855438232","1.8171908855438232"
"114612","1.828391194343567","1.828391194343567","1.828391194343567"
"115180","1.837924838066101","1.837924838066101","1.837924838066101"
"115784","1.8288065195083618","1.8288065195083618","1.8288065195083618"
"116388","1.8201459646224976","1.8201459646224976","1.8201459646224976"
"116966","1.8294001817703247","1.8294001817703247","1.8294001817703247"
"117570","1.8205668926239014","1.8205668926239014","1.8205668926239014"
"118144","1.829805612564087","1.829805612564087","1.829805612564087"
"118552","1.8415474891662598","1.8415474891662598","1.8415474891662598"
"119076","1.8513915538787842","1.8513915538787842","1.8513915538787842"
"119680","1.8429898023605347","1.8429898023605347","1.8429898023605347"
"120284","1.8514946699142456","1.8514946699142456","1.8514946699142456"
"120788","1.8614648580551147","1.8614648580551147","1.8614648580551147"
"121264","1.871787190437317","1.871787190437317","1.871787190437317"
"121602","1.8841791152954102","1.8841791152954102","1.8841791152954102"
"122162","1.8930331468582153","1.8930331468582153","1.8930331468582153"
"122766","1.8843914270401","1.8843914270401","1.8843914270401"
"123370","1.8760955333709717","1.8760955333709717","1.8760955333709717"
"123882","1.8855949640274048","1.8855949640274048","1.8855949640274048"
"124470","1.893851399421692","1.893851399421692","1.893851399421692"
"124972","1.9033318758010864","1.9033318758010864","1.9033318758010864"
"125478","1.9126909971237183","1.9126909971237183","1.9126909971237183"
"126004","1.9216681718826294","1.9216681718826294","1.9216681718826294"
"126540","1.9304171800613403","1.9304171800613403","1.9304171800613403"
"127144","1.9220695495605469","1.9220695495605469","1.9220695495605469"
"127622","1.93162202835083","1.93162202835083","1.93162202835083"
"128226","1.923166275024414","1.923166275024414","1.923166275024414"
"128830","1.9147899150848389","1.9147899150848389","1.9147899150848389"
"129434","1.9068026542663574","1.9068026542663574","1.9068026542663574"
"130038","1.8986575603485107","1.8986575603485107","1.8986575603485107"
"130594","1.9069366455078125","1.9069366455078125","1.9069366455078125"
"130954","1.9180312156677246","1.9180312156677246","1.9180312156677246"
"131556","1.925492763519287","1.925492763519287","1.925492763519287"
"132160","1.9173319339752197","1.9173319339752197","1.9173319339752197"
"132654","1.9263066053390503","1.9263066053390503","1.9263066053390503"
"133238","1.9338985681533813","1.9338985681533813","1.9338985681533813"
"133696","1.9432663917541504","1.9432663917541504","1.9432663917541504"
"134086","1.9535672664642334","1.9535672664642334","1.9535672664642334"
"134690","1.9456429481506348","1.9456429481506348","1.9456429481506348"
"135276","1.9530082941055298","1.9530082941055298","1.9530082941055298"
"135660","1.9632488489151","1.9632488489151","1.9632488489151"
"136138","1.972059965133667","1.972059965133667","1.972059965133667"
"136572","1.9814519882202148","1.9814519882202148","1.9814519882202148"
"137066","1.9899072647094727","1.9899072647094727","1.9899072647094727"
"137434","2.0001463890075684","2.0001463890075684","2.0001463890075684"
"137800","2.0103607177734375","2.0103607177734375","2.0103607177734375"
"138288","2.018726110458374","2.018726110458374","2.018726110458374"
"138828","2.026268482208252","2.026268482208252","2.026268482208252"
"139252","2.0354580879211426","2.0354580879211426","2.0354580879211426"
"139722","2.043914318084717","2.043914318084717","2.043914318084717"
"140144","2.0530219078063965","2.0530219078063965","2.0530219078063965"
"140622","2.0612478256225586","2.0612478256225586","2.0612478256225586"
"141020","2.0706002712249756","2.0706002712249756","2.0706002712249756"
"141484","2.078923463821411","2.078923463821411","2.078923463821411"
"141822","2.089059352874756","2.089059352874756","2.089059352874756"
"142206","2.098463535308838","2.098463535308838","2.098463535308838"
"142598","2.1076838970184326","2.1076838970184326","2.1076838970184326"
"143054","2.1159005165100098","2.1159005165100098","2.1159005165100098"
"143534","2.1237213611602783","2.1237213611602783","2.1237213611602783"
"144132","2.1297192573547363","2.1297192573547363","2.1297192573547363"
"144708","2.1360080242156982","2.1360080242156982","2.1360080242156982"
"145128","2.144566059112549","2.144566059112549","2.144566059112549"
"145484","2.1540281772613525","2.1540281772613525","2.1540281772613525"
"145882","2.1628174781799316","2.1628174781799316","2.1628174781799316"
"146246","2.172067165374756","2.172067165374756","2.172067165374756"
"146594","2.1815109252929688","2.1815109252929688","2.1815109252929688"
"147164","2.187582015991211","2.187582015991211","2.187582015991211"
"147514","2.1969008445739746","2.1969008445739746","2.1969008445739746"
"147898","2.205664873123169","2.205664873123169","2.205664873123169"
"148192","2.215724229812622","2.215724229812622","2.215724229812622"
"148524","2.225184440612793","2.225184440612793","2.225184440612793"
"148846","2.2347400188446045","2.2347400188446045","2.2347400188446045"
"149104","2.2452383041381836","2.2452383041381836","2.2452383041381836"
"149708","2.2369704246520996","2.2369704246520996","2.2369704246520996"
"150154","2.244570732116699","2.244570732116699","2.244570732116699"
"150758","2.2361223697662354","2.2361223697662354","2.2361223697662354"
"151200","2.243732452392578","2.243732452392578","2.243732452392578"
"151604","2.251866579055786","2.251866579055786","2.251866579055786"
"152108","2.2584612369537354","2.2584612369537354","2.2584612369537354"
"152440","2.2675862312316895","2.2675862312316895","2.2675862312316895"
"152824","2.2758915424346924","2.2758915424346924","2.2758915424346924"
"153322","2.282444953918457","2.282444953918457","2.282444953918457"
"153680","2.2910561561584473","2.2910561561584473","2.2910561561584473"
"154086","2.298905849456787","2.298905849456787","2.298905849456787"
"154426","2.3077073097229004","2.3077073097229004","2.3077073097229004"
"154884","2.314692974090576","2.314692974090576","2.314692974090576"
"155370","2.321216106414795","2.321216106414795","2.321216106414795"
"155738","2.329474687576294","2.329474687576294","2.329474687576294"
"156172","2.3366997241973877","2.3366997241973877","2.3366997241973877"
"156596","2.3440353870391846","2.3440353870391846","2.3440353870391846"
"156942","2.352508544921875","2.352508544921875","2.352508544921875"
"157312","2.360581874847412","2.360581874847412","2.360581874847412"
"157642","2.369222640991211","2.369222640991211","2.369222640991211"
"157994","2.3774940967559814","2.3774940967559814","2.3774940967559814"
"158438","2.384333610534668","2.384333610534668","2.384333610534668"
"158752","2.3931074142456055","2.3931074142456055","2.3931074142456055"
"159102","2.401298999786377","2.401298999786377","2.401298999786377"
"159448","2.409515857696533","2.409515857696533","2.409515857696533"
"159810","2.4174535274505615","2.4174535274505615","2.4174535274505615"
"160194","2.4250199794769287","2.4250199794769287","2.4250199794769287"
"160594","2.43229341506958","2.43229341506958","2.43229341506958"
"160952","2.4401848316192627","2.4401848316192627","2.4401848316192627"
"161390","2.4468188285827637","2.4468188285827637","2.4468188285827637"
"161772","2.454272508621216","2.454272508621216","2.454272508621216"
"162182","2.4612631797790527","2.4612631797790527","2.4612631797790527"
"162582","2.468371629714966","2.468371629714966","2.468371629714966"
"162932","2.476210594177246","2.476210594177246","2.476210594177246"
"163250","2.484506368637085","2.484506368637085","2.484506368637085"
"163626","2.491879940032959","2.491879940032959","2.491879940032959"
"163926","2.500387191772461","2.500387191772461","2.500387191772461"
"164230","2.5088019371032715","2.5088019371032715","2.5088019371032715"
"164656","2.5153069496154785","2.5153069496154785","2.5153069496154785"
"165086","2.521716833114624","2.521716833114624","2.521716833114624"
"165592","2.5269126892089844","2.5269126892089844","2.5269126892089844"
"165880","2.5354409217834473","2.5354409217834473","2.5354409217834473"
"166206","2.543354034423828","2.543354034423828","2.543354034423828"
"166746","2.547926187515259","2.547926187515259","2.547926187515259"
"167144","2.5546648502349854","2.5546648502349854","2.5546648502349854"
"167442","2.562912702560425","2.562912702560425","2.562912702560425"
"167824","2.5698351860046387","2.5698351860046387","2.5698351860046387"
"168136","2.5778071880340576","2.5778071880340576","2.5778071880340576"
"168422","2.586151599884033","2.586151599884033","2.586151599884033"
"168812","2.592857837677002","2.592857837677002","2.592857837677002"
"169246","2.5988404750823975","2.5988404750823975","2.5988404750823975"
"169624","2.605670690536499","2.605670690536499","2.605670690536499"
"170020","2.612192153930664","2.612192153930664","2.612192153930664"
"170408","2.618807315826416","2.618807315826416","2.618807315826416"
"170752","2.6260738372802734","2.6260738372802734","2.6260738372802734"
"171154","2.6324121952056885","2.6324121952056885","2.6324121952056885"
"171564","2.638597249984741","2.638597249984741","2.638597249984741"
"171870","2.64636492729187","2.64636492729187","2.64636492729187"
"172212","2.6535463333129883","2.6535463333129883","2.6535463333129883"
"172536","2.6609792709350586","2.6609792709350586","2.6609792709350586"
"172820","2.66900634765625","2.66900634765625","2.66900634765625"
"173058","2.6777126789093018","2.6777126789093018","2.6777126789093018"
"173338","2.68575119972229","2.68575119972229","2.68575119972229"
"173562","2.6946280002593994","2.6946280002593994","2.6946280002593994"
"173912","2.7015087604522705","2.7015087604522705","2.7015087604522705"
"174256","2.7084672451019287","2.7084672451019287","2.7084672451019287"
"174586","2.715618133544922","2.715618133544922","2.715618133544922"
"174968","2.72192645072937","2.72192645072937","2.72192645072937"
"175288","2.729180097579956","2.729180097579956","2.729180097579956"
"175578","2.7368783950805664","2.7368783950805664","2.7368783950805664"
"176050","2.741692543029785","2.741692543029785","2.741692543029785"
"176288","2.7501542568206787","2.7501542568206787","2.7501542568206787"
"176600","2.7574174404144287","2.7574174404144287","2.7574174404144287"
"177006","2.7631869316101074","2.7631869316101074","2.7631869316101074"
"177292","2.7708187103271484","2.7708187103271484","2.7708187103271484"
"177634","2.777554750442505","2.777554750442505","2.777554750442505"
"177930","2.7849788665771484","2.7849788665771484","2.7849788665771484"
"178258","2.7918734550476074","2.7918734550476074","2.7918734550476074"
"178742","2.796281576156616","2.796281576156616","2.796281576156616"
"179068","2.8031556606292725","2.8031556606292725","2.8031556606292725"
"179390","2.8100686073303223","2.8100686073303223","2.8100686073303223"
"179792","2.8156933784484863","2.8156933784484863","2.8156933784484863"
"180064","2.823345899581909","2.823345899581909","2.823345899581909"
"180386","2.8301844596862793","2.8301844596862793","2.8301844596862793"
"180674","2.8375368118286133","2.8375368118286133","2.8375368118286133"
"180946","2.8451197147369385","2.8451197147369385","2.8451197147369385"
"181380","2.8501009941101074","2.8501009941101074","2.8501009941101074"
"181872","2.8541412353515625","2.8541412353515625","2.8541412353515625"
"182134","2.8618080615997314","2.8618080615997314","2.8618080615997314"
"182454","2.8685336112976074","2.8685336112976074","2.8685336112976074"
"182762","2.8754260540008545","2.8754260540008545","2.8754260540008545"
"183098","2.8818511962890625","2.8818511962890625","2.8818511962890625"
"183440","2.8881466388702393","2.8881466388702393","2.8881466388702393"
"183798","2.8941757678985596","2.8941757678985596","2.8941757678985596"
"184156","2.9001705646514893","2.9001705646514893","2.9001705646514893"
"184496","2.9064390659332275","2.9064390659332275","2.9064390659332275"
"184828","2.912811756134033","2.912811756134033","2.912811756134033"
"185156","2.919224977493286","2.919224977493286","2.919224977493286"
"185538","2.924746513366699","2.924746513366699","2.924746513366699"
"185902","2.930542469024658","2.930542469024658","2.930542469024658"
"186362","2.934791088104248","2.934791088104248","2.934791088104248"
"186586","2.942765951156616","2.942765951156616","2.942765951156616"
"186924","2.9489076137542725","2.9489076137542725","2.9489076137542725"
"187284","2.9546773433685303","2.9546773433685303","2.9546773433685303"
"187568","2.961634397506714","2.961634397506714","2.961634397506714"
"187860","2.9684319496154785","2.9684319496154785","2.9684319496154785"
"188138","2.975442886352539","2.975442886352539","2.975442886352539"
"188420","2.9823689460754395","2.9823689460754395","2.9823689460754395"
"188796","2.9877748489379883","2.9877748489379883","2.9877748489379883"
"189190","2.9928717613220215","2.9928717613220215","2.9928717613220215"
"189562","2.9982986450195312","2.9982986450195312","2.9982986450195312"
"190002","3.0026204586029053","3.0026204586029053","3.0026204586029053"
"190328","3.0087273120880127","3.0087273120880127","3.0087273120880127"
"190582","3.0159718990325928","3.0159718990325928","3.0159718990325928"
"190994","3.020676612854004","3.020676612854004","3.020676612854004"
"191298","3.027082681655884","3.027082681655884","3.027082681655884"
"191540","3.0344579219818115","3.0344579219818115","3.0344579219818115"
"191786","3.041740655899048","3.041740655899048","3.041740655899048"
"192274","3.0451364517211914","3.0451364517211914","3.0451364517211914"
"192642","3.0504400730133057","3.0504400730133057","3.0504400730133057"
"192962","3.0564894676208496","3.0564894676208496","3.0564894676208496"
"193282","3.0625085830688477","3.0625085830688477","3.0625085830688477"
"193628","3.0681028366088867","3.0681028366088867","3.0681028366088867"
"193864","3.075435161590576","3.075435161590576","3.075435161590576"
"194102","3.082707643508911","3.082707643508911","3.082707643508911"
"194336","3.090026378631592","3.090026378631592","3.090026378631592"
"194674","3.095669984817505","3.095669984817505","3.095669984817505"
"194994","3.1015727519989014","3.1015727519989014","3.1015727519989014"
"195236","3.1087074279785156","3.1087074279785156","3.1087074279785156"
"195514","3.115246295928955","3.115246295928955","3.115246295928955"
"195750","3.1224417686462402","3.1224417686462402","3.1224417686462402"
"196030","3.1289122104644775","3.1289122104644775","3.1289122104644775"
"196330","3.135042190551758","3.135042190551758","3.135042190551758"
"196612","3.141453742980957","3.141453742980957","3.141453742980957"
"196892","3.1478688716888428","3.1478688716888428","3.1478688716888428"
"197138","3.1548147201538086","3.1548147201538086","3.1548147201538086"
"197374","3.1619045734405518","3.1619045734405518","3.1619045734405518"
"197696","3.167598247528076","3.167598247528076","3.167598247528076"
"197988","3.1737477779388428","3.1737477779388428","3.1737477779388428"
"198272","3.180018901824951","3.180018901824951","3.180018901824951"
"198630","3.185065507888794","3.185065507888794","3.185065507888794"
"199092","3.1884140968322754","3.1884140968322754","3.1884140968322754"
"199336","3.1952762603759766","3.1952762603759766","3.1952762603759766"
"199642","3.201108932495117","3.201108932495117","3.201108932495117"
"200006","3.205996513366699","3.205996513366699","3.205996513366699"
"200300","3.2119977474212646","3.2119977474212646","3.2119977474212646"
"200544","3.218790292739868","3.218790292739868","3.218790292739868"
"200806","3.22526478767395","3.22526478767395","3.22526478767395"
"201066","3.231765031814575","3.231765031814575","3.231765031814575"
"201340","3.2380216121673584","3.2380216121673584","3.2380216121673584"
"201618","3.244196653366089","3.244196653366089","3.244196653366089"
"201896","3.250354766845703","3.250354766845703","3.250354766845703"
"202142","3.2570154666900635","3.2570154666900635","3.2570154666900635"
"202446","3.2627177238464355","3.2627177238464355","3.2627177238464355"
"202826","3.267158031463623","3.267158031463623","3.267158031463623"
"203178","3.272036075592041","3.272036075592041","3.272036075592041"
"203550","3.276582956314087","3.276582956314087","3.276582956314087"
"203954","3.2805840969085693","3.2805840969085693","3.2805840969085693"
"204238","3.2865254878997803","3.2865254878997803","3.2865254878997803"
"204520","3.2924726009368896","3.2924726009368896","3.2924726009368896"
"204800","3.2984464168548584","3.2984464168548584","3.2984464168548584"
"205066","3.3046209812164307","3.3046209812164307","3.3046209812164307"
"205334","3.3107573986053467","3.3107573986053467","3.3107573986053467"
"205580","3.3172354698181152","3.3172354698181152","3.3172354698181152"
"205854","3.323242664337158","3.323242664337158","3.323242664337158"
"206116","3.3294293880462646","3.3294293880462646","3.3294293880462646"
"206368","3.3357632160186768","3.3357632160186768","3.3357632160186768"
"206626","3.341984272003174","3.341984272003174","3.341984272003174"
"206902","3.347896099090576","3.347896099090576","3.347896099090576"
"207176","3.3538246154785156","3.3538246154785156","3.3538246154785156"
"207652","3.3564422130584717","3.3564422130584717","3.3564422130584717"
"207966","3.3616764545440674","3.3616764545440674","3.3616764545440674"
"208410","3.3647871017456055","3.3647871017456055","3.3647871017456055"
"208702","3.3703577518463135","3.3703577518463135","3.3703577518463135"
"209138","3.3735594749450684","3.3735594749450684","3.3735594749450684"
"209456","3.3786661624908447","3.3786661624908447","3.3786661624908447"
"209734","3.3844082355499268","3.3844082355499268","3.3844082355499268"
"209986","3.3905587196350098","3.3905587196350098","3.3905587196350098"
"210270","3.3961727619171143","3.3961727619171143","3.3961727619171143"
"210586","3.4012508392333984","3.4012508392333984","3.4012508392333984"
"211042","3.4040350914001465","3.4040350914001465","3.4040350914001465"
"211430","3.407912015914917","3.407912015914917","3.407912015914917"
"211800","3.412067174911499","3.412067174911499","3.412067174911499"
"212078","3.4177026748657227","3.4177026748657227","3.4177026748657227"
"212442","3.4219255447387695","3.4219255447387695","3.4219255447387695"
"212690","3.428018808364868","3.428018808364868","3.428018808364868"
"212960","3.4337401390075684","3.4337401390075684","3.4337401390075684"
"213244","3.4392189979553223","3.4392189979553223","3.4392189979553223"
"213628","3.4430670738220215","3.4430670738220215","3.4430670738220215"
"213906","3.4486143589019775","3.4486143589019775","3.4486143589019775"
"214152","3.454667806625366","3.454667806625366","3.454667806625366"
"214540","3.458397388458252","3.458397388458252","3.458397388458252"
"214776","3.4645943641662598","3.4645943641662598","3.4645943641662598"
"215206","3.4676125049591064","3.4676125049591064","3.4676125049591064"
"215486","3.473055362701416","3.473055362701416","3.473055362701416"
"215724","3.4791674613952637","3.4791674613952637","3.4791674613952637"
"216018","3.4843547344207764","3.4843547344207764","3.4843547344207764"
"216274","3.4901463985443115","3.4901463985443115","3.4901463985443115"
"216546","3.495664119720459","3.495664119720459","3.495664119720459"
"216920","3.499507188796997","3.499507188796997","3.499507188796997"
"217206","3.5047688484191895","3.5047688484191895","3.5047688484191895"
"217528","3.5094306468963623","3.5094306468963623","3.5094306468963623"
"217760","3.5155532360076904","3.5155532360076904","3.5155532360076904"
"218036","3.5209367275238037","3.5209367275238037","3.5209367275238037"
"218348","3.5257201194763184","3.5257201194763184","3.5257201194763184"
"218770","3.5286993980407715","3.5286993980407715","3.5286993980407715"
"219076","3.5335536003112793","3.5335536003112793","3.5335536003112793"
"219374","3.538524627685547","3.538524627685547","3.538524627685547"
"219646","3.5439140796661377","3.5439140796661377","3.5439140796661377"
"220004","3.547881841659546","3.547881841659546","3.547881841659546"
"220308","3.5527150630950928","3.5527150630950928","3.5527150630950928"
"220594","3.5578274726867676","3.5578274726867676","3.5578274726867676"
"220874","3.5630338191986084","3.5630338191986084","3.5630338191986084"
"221154","3.5682270526885986","3.5682270526885986","3.5682270526885986"
"221500","3.5723330974578857","3.5723330974578857","3.5723330974578857"
"221812","3.576970100402832","3.576970100402832","3.576970100402832"
"222092","3.5821237564086914","3.5821237564086914","3.5821237564086914"
"222408","3.5866787433624268","3.5866787433624268","3.5866787433624268"
"222662","3.5922298431396484","3.5922298431396484","3.5922298431396484"
"222954","3.5971498489379883","3.5971498489379883","3.5971498489379883"
"223306","3.601071357727051","3.601071357727051","3.601071357727051"
"223620","3.6055989265441895","3.6055989265441895","3.6055989265441895"
"223900","3.610675811767578","3.610675811767578","3.610675811767578"
"224178","3.6157631874084473","3.6157631874084473","3.6157631874084473"
"224418","3.621457099914551","3.621457099914551","3.621457099914551"
"224654","3.6272037029266357","3.6272037029266357","3.6272037029266357"
"224908","3.6326451301574707","3.6326451301574707","3.6326451301574707"
"225160","3.638115644454956","3.638115644454956","3.638115644454956"
"225462","3.6427502632141113","3.6427502632141113","3.6427502632141113"
"225736","3.6478381156921387","3.6478381156921387","3.6478381156921387"
"226018","3.652782678604126","3.652782678604126","3.652782678604126"
"226288","3.657902479171753","3.657902479171753","3.657902479171753"
"226636","3.6617379188537598","3.6617379188537598","3.6617379188537598"
"226964","3.6658873558044434","3.6658873558044434","3.6658873558044434"
"227282","3.670196533203125","3.670196533203125","3.670196533203125"
"227586","3.67472243309021","3.67472243309021","3.67472243309021"
"227888","3.6792683601379395","3.6792683601379395","3.6792683601379395"
"228238","3.68302059173584","3.68302059173584","3.68302059173584"
"228572","3.6870224475860596","3.6870224475860596","3.6870224475860596"
"228906","3.691011905670166","3.691011905670166","3.691011905670166"
"229402","3.6923577785491943","3.6923577785491943","3.6923577785491943"
"229752","3.696065664291382","3.696065664291382","3.696065664291382"
"230024","3.7010278701782227","3.7010278701782227","3.7010278701782227"
"230314","3.705686569213867","3.705686569213867","3.705686569213867"
"230668","3.7092947959899902","3.7092947959899902","3.7092947959899902"
"230988","3.7134432792663574","3.7134432792663574","3.7134432792663574"
"231366","3.7166402339935303","3.7166402339935303","3.7166402339935303"
"231804","3.718855619430542","3.718855619430542","3.718855619430542"
"232158","3.7224206924438477","3.7224206924438477","3.7224206924438477"
"232524","3.725780963897705","3.725780963897705","3.725780963897705"
"232898","3.729001522064209","3.729001522064209","3.729001522064209"
"233368","3.7306630611419678","3.7306630611419678","3.7306630611419678"
"233844","3.7322208881378174","3.7322208881378174","3.7322208881378174"
"234392","3.7326154708862305","3.7326154708862305","3.7326154708862305"
"234766","3.7357993125915527","3.7357993125915527","3.7357993125915527"
"235202","3.737978935241699","3.737978935241699","3.737978935241699"
"235482","3.742650270462036","3.742650270462036","3.742650270462036"
"235804","3.7466373443603516","3.7466373443603516","3.7466373443603516"
"236128","3.7505810260772705","3.7505810260772705","3.7505810260772705"
"236440","3.754706621170044","3.754706621170044","3.754706621170044"
"236788","3.758244514465332","3.758244514465332","3.758244514465332"
"237092","3.762476682662964","3.762476682662964","3.762476682662964"
"237444","3.7659294605255127","3.7659294605255127","3.7659294605255127"
"237884","3.76796555519104","3.76796555519104","3.76796555519104"
"238222","3.771622896194458","3.771622896194458","3.771622896194458"
"238572","3.7750778198242188","3.7750778198242188","3.7750778198242188"
"238874","3.7792887687683105","3.7792887687683105","3.7792887687683105"
"239120","3.7843751907348633","3.7843751907348633","3.7843751907348633"
"239352","3.789682626724243","3.789682626724243","3.789682626724243"
"239578","3.79506778717041","3.79506778717041","3.79506778717041"
"239896","3.798980474472046","3.798980474472046","3.798980474472046"
"240178","3.8034582138061523","3.8034582138061523","3.8034582138061523"
"240452","3.8080532550811768","3.8080532550811768","3.8080532550811768"
"240760","3.8120946884155273","3.8120946884155273","3.8120946884155273"
"240994","3.817307710647583","3.817307710647583","3.817307710647583"
"241210","3.8227908611297607","3.8227908611297607","3.8227908611297607"
"241502","3.827056646347046","3.827056646347046","3.827056646347046"
"241862","3.8302254676818848","3.8302254676818848","3.8302254676818848"
"242104","3.8352696895599365","3.8352696895599365","3.8352696895599365"
"242468","3.8383548259735107","3.8383548259735107","3.8383548259735107"
"242846","3.8412067890167236","3.8412067890167236","3.8412067890167236"
"243126","3.845613718032837","3.845613718032837","3.845613718032837"
"243434","3.8495635986328125","3.8495635986328125","3.8495635986328125"
"243734","3.8536312580108643","3.8536312580108643","3.8536312580108643"
"244038","3.8576247692108154","3.8576247692108154","3.8576247692108154"
"244286","3.862502098083496","3.862502098083496","3.862502098083496"
"244648","3.865550994873047","3.865550994873047","3.865550994873047"
"245018","3.8684632778167725","3.8684632778167725","3.8684632778167725"
"245274","3.873182535171509","3.873182535171509","3.873182535171509"
"245584","3.8770318031311035","3.8770318031311035","3.8770318031311035"
"245892","3.8809030055999756","3.8809030055999756","3.8809030055999756"
"246226","3.8843507766723633","3.8843507766723633","3.8843507766723633"
"246586","3.887375831604004","3.887375831604004","3.887375831604004"
"246870","3.8916003704071045","3.8916003704071045","3.8916003704071045"
"247210","3.894916534423828","3.894916534423828","3.894916534423828"
"247528","3.898573160171509","3.898573160171509","3.898573160171509"
"247804","3.9028961658477783","3.9028961658477783","3.9028961658477783"
"248156","3.9060020446777344","3.9060020446777344","3.9060020446777344"
"248474","3.9096388816833496","3.9096388816833496","3.9096388816833496"
"248848","3.9123778343200684","3.9123778343200684","3.9123778343200684"
"249208","3.9153223037719727","3.9153223037719727","3.9153223037719727"
"249660","3.916809320449829","3.916809320449829","3.916809320449829"
"249934","3.921107292175293","3.921107292175293","3.921107292175293"
"250538","3.91210675239563","3.91210675239563","3.91210675239563"
"250824","3.9161972999572754","3.9161972999572754","3.9161972999572754"
"251156","3.9195542335510254","3.9195542335510254","3.9195542335510254"
"251404","3.9242327213287354","3.9242327213287354","3.9242327213287354"
"251924","3.92462158203125","3.92462158203125","3.92462158203125"
"252338","3.926673173904419","3.926673173904419","3.926673173904419"
"252706","3.9294309616088867","3.9294309616088867","3.9294309616088867"
"253090","3.9319303035736084","3.9319303035736084","3.9319303035736084"
"253456","3.9347119331359863","3.9347119331359863","3.9347119331359863"
"253874","3.9366636276245117","3.9366636276245117","3.9366636276245117"
"254384","3.937171697616577","3.937171697616577","3.937171697616577"
"254782","3.939432382583618","3.939432382583618","3.939432382583618"
"255262","3.9404079914093018","3.9404079914093018","3.9404079914093018"
"255670","3.942500352859497","3.942500352859497","3.942500352859497"
"256124","3.943870782852173","3.943870782852173","3.943870782852173"
"256462","3.947037696838379","3.947037696838379","3.947037696838379"
"256894","3.948737144470215","3.948737144470215","3.948737144470215"
"257310","3.950678586959839","3.950678586959839","3.950678586959839"
"257786","3.9516780376434326","3.9516780376434326","3.9516780376434326"
"258082","3.9554636478424072","3.9554636478424072","3.9554636478424072"
"258552","3.9565439224243164","3.9565439224243164","3.9565439224243164"
"259156","3.9476351737976074","3.9476351737976074","3.9476351737976074"
"259474","3.9510669708251953","3.9510669708251953","3.9510669708251953"
"260020","3.950991153717041","3.950991153717041","3.950991153717041"
"260414","3.9532430171966553","3.9532430171966553","3.9532430171966553"
"260758","3.9562535285949707","3.9562535285949707","3.9562535285949707"
"261104","3.9592254161834717","3.9592254161834717","3.9592254161834717"
"261396","3.96301531791687","3.96301531791687","3.96301531791687"
"261780","3.965390205383301","3.965390205383301","3.965390205383301"
"262118","3.968461036682129","3.968461036682129","3.968461036682129"
"262484","3.9710962772369385","3.9710962772369385","3.9710962772369385"
"262756","3.97515869140625","3.97515869140625","3.97515869140625"
"263176","3.976954698562622","3.976954698562622","3.976954698562622"
"263530","3.979750156402588","3.979750156402588","3.979750156402588"
"263974","3.981168031692505","3.981168031692505","3.981168031692505"
"264324","3.984010696411133","3.984010696411133","3.984010696411133"
"264574","3.9883663654327393","3.9883663654327393","3.9883663654327393"
"265040","3.9894299507141113","3.9894299507141113","3.9894299507141113"
"265348","3.9928879737854004","3.9928879737854004","3.9928879737854004"
"265828","3.9937286376953125","3.9937286376953125","3.9937286376953125"
"266214","3.9959893226623535","3.9959893226623535","3.9959893226623535"
"266624","3.997880458831787","3.997880458831787","3.997880458831787"
"266980","4.000582218170166","4.000582218170166","4.000582218170166"
"267320","4.003518581390381","4.003518581390381","4.003518581390381"
"267690","4.0059943199157715","4.0059943199157715","4.0059943199157715"
"268168","4.006834030151367","4.006834030151367","4.006834030151367"
"268730","4.006406784057617","4.006406784057617","4.006406784057617"
"269096","4.008925437927246","4.008925437927246","4.008925437927246"
"269438","4.01179838180542","4.01179838180542","4.01179838180542"
"269832","4.013883113861084","4.013883113861084","4.013883113861084"
"270196","4.016411781311035","4.016411781311035","4.016411781311035"
"270800","4.0078558921813965","4.0078558921813965","4.0078558921813965"
"271404","3.999241352081299","3.999241352081299","3.999241352081299"
"271998","3.9983601570129395","3.9983601570129395","3.9983601570129395"
"272550","3.9981043338775635","3.9981043338775635","3.9981043338775635"
"272982","3.9996230602264404","3.9996230602264404","3.9996230602264404"
"273402","4.001314163208008","4.001314163208008","4.001314163208008"
"273786","4.003531455993652","4.003531455993652","4.003531455993652"
"274160","4.005889415740967","4.005889415740967","4.005889415740967"
"274590","4.007416725158691","4.007416725158691","4.007416725158691"
"275194","3.9989070892333984","3.9989070892333984","3.9989070892333984"
"275656","3.9999706745147705","3.9999706745147705","3.9999706745147705"
"276088","4.001469612121582","4.001469612121582","4.001469612121582"
"276452","4.0039567947387695","4.0039567947387695","4.0039567947387695"
"276754","4.007343769073486","4.007343769073486","4.007343769073486"
"277220","4.008328914642334","4.008328914642334","4.008328914642334"
"277656","4.0097479820251465","4.0097479820251465","4.0097479820251465"
"278260","4.001348972320557","4.001348972320557","4.001348972320557"
"278692","4.002831935882568","4.002831935882568","4.002831935882568"
"279140","4.004077911376953","4.004077911376953","4.004077911376953"
"279672","4.004106521606445","4.004106521606445","4.004106521606445"
"280142","4.00502872467041","4.00502872467041","4.00502872467041"
"280600","4.0061211585998535","4.0061211585998535","4.0061211585998535"
"281204","3.9977965354919434","3.9977965354919434","3.9977965354919434"
"281808","3.9895005226135254","3.9895005226135254","3.9895005226135254"
"282412","3.9812686443328857","3.9812686443328857","3.9812686443328857"
"282950","3.9812543392181396","3.9812543392181396","3.9812543392181396"
"283554","3.9729809761047363","3.9729809761047363","3.9729809761047363"
"284158","3.9648773670196533","3.9648773670196533","3.9648773670196533"
"284762","3.956815719604492","3.956815719604492","3.956815719604492"
"285320","3.9565677642822266","3.9565677642822266","3.9565677642822266"
"285748","3.9581375122070312","3.9581375122070312","3.9581375122070312"
"286178","3.959674119949341","3.959674119949341","3.959674119949341"
"286782","3.9516592025756836","3.9516592025756836","3.9516592025756836"
"287386","3.9436075687408447","3.9436075687408447","3.9436075687408447"
"287830","3.9449636936187744","3.9449636936187744","3.9449636936187744"
"288306","3.945873737335205","3.945873737335205","3.945873737335205"
"288910","3.9377999305725098","3.9377999305725098","3.9377999305725098"
"289398","3.93855357170105","3.93855357170105","3.93855357170105"
"289978","3.9380431175231934","3.9380431175231934","3.9380431175231934"
"290582","3.9301297664642334","3.9301297664642334","3.9301297664642334"
"291186","3.9221794605255127","3.9221794605255127","3.9221794605255127"
"291744","3.9220035076141357","3.9220035076141357","3.9220035076141357"
"292232","3.922776222229004","3.922776222229004","3.922776222229004"
"292836","3.914872646331787","3.914872646331787","3.914872646331787"
"293144","3.9180800914764404","3.9180800914764404","3.9180800914764404"
"293592","3.9193944931030273","3.9193944931030273","3.9193944931030273"
"294196","3.9116370677948","3.9116370677948","3.9116370677948"
"294624","3.913224697113037","3.913224697113037","3.913224697113037"
"295122","3.913870334625244","3.913870334625244","3.913870334625244"
"295726","3.9061644077301025","3.9061644077301025","3.9061644077301025"
"296124","3.908151149749756","3.908151149749756","3.908151149749756"
"296728","3.9005441665649414","3.9005441665649414","3.9005441665649414"
"297218","3.9013125896453857","3.9013125896453857","3.9013125896453857"
"297584","3.903719186782837","3.903719186782837","3.903719186782837"
"298008","3.9053525924682617","3.9053525924682617","3.9053525924682617"
"298410","3.9072723388671875","3.9072723388671875","3.9072723388671875"
"298694","3.910745143890381","3.910745143890381","3.910745143890381"
"299298","3.903137445449829","3.903137445449829","3.903137445449829"
"299660","3.9055778980255127","3.9055778980255127","3.9055778980255127"
"300204","3.9056215286254883","3.9056215286254883","3.9056215286254883"
"300808","3.8980624675750732","3.8980624675750732","3.8980624675750732"
"301394","3.897571325302124","3.897571325302124","3.897571325302124"
"301998","3.8899645805358887","3.8899645805358887","3.8899645805358887"
"302602","3.882528781890869","3.882528781890869","3.882528781890869"
"303206","3.8750758171081543","3.8750758171081543","3.8750758171081543"
"303810","3.867546319961548","3.867546319961548","3.867546319961548"
"304414","3.860079526901245","3.860079526901245","3.860079526901245"
"305018","3.8526957035064697","3.8526957035064697","3.8526957035064697"
"305622","3.845341205596924","3.845341205596924","3.845341205596924"
"306140","3.845820903778076","3.845820903778076","3.845820903778076"
"306740","3.845261335372925","3.845261335372925","3.845261335372925"
"307286","3.8453853130340576","3.8453853130340576","3.8453853130340576"
"307818","3.84567928314209","3.84567928314209","3.84567928314209"
"308304","3.846557855606079","3.846557855606079","3.846557855606079"
"308908","3.839280366897583","3.839280366897583","3.839280366897583"
"309488","3.838988780975342","3.838988780975342","3.838988780975342"
"310092","3.831747531890869","3.831747531890869","3.831747531890869"
"310696","3.824657917022705","3.824657917022705","3.824657917022705"
"311300","3.8174211978912354","3.8174211978912354","3.8174211978912354"
"311904","3.8102574348449707","3.8102574348449707","3.8102574348449707"
"312508","3.80306339263916","3.80306339263916","3.80306339263916"
"313112","3.7958455085754395","3.7958455085754395","3.7958455085754395"
"313716","3.7887520790100098","3.7887520790100098","3.7887520790100098"
"314320","3.781660556793213","3.781660556793213","3.781660556793213"
"314924","3.7745320796966553","3.7745320796966553","3.7745320796966553"
"315528","3.7675585746765137","3.7675585746765137","3.7675585746765137"
"316132","3.760529041290283","3.760529041290283","3.760529041290283"
"316736","3.753532648086548","3.753532648086548","3.753532648086548"
"317340","3.746493339538574","3.746493339538574","3.746493339538574"
"317944","3.7395501136779785","3.7395501136779785","3.7395501136779785"
"318548","3.7327349185943604","3.7327349185943604","3.7327349185943604"
"319152","3.7258379459381104","3.7258379459381104","3.7258379459381104"
"319756","3.7191314697265625","3.7191314697265625","3.7191314697265625"
"320360","3.7122862339019775","3.7122862339019775","3.7122862339019775"
"320964","3.7054734230041504","3.7054734230041504","3.7054734230041504"
"321568","3.698591947555542","3.698591947555542","3.698591947555542"
"322172","3.69173002243042","3.69173002243042","3.69173002243042"
"322776","3.6848251819610596","3.6848251819610596","3.6848251819610596"
"323380","3.6779837608337402","3.6779837608337402","3.6779837608337402"
"323984","3.6711676120758057","3.6711676120758057","3.6711676120758057"
"324588","3.664376974105835","3.664376974105835","3.664376974105835"
"325192","3.657648801803589","3.657648801803589","3.657648801803589"
"325796","3.650939702987671","3.650939702987671","3.650939702987671"
"326400","3.644261121749878","3.644261121749878","3.644261121749878"
"327004","3.6376943588256836","3.6376943588256836","3.6376943588256836"
"327608","3.6310651302337646","3.6310651302337646","3.6310651302337646"
"328212","3.624478816986084","3.624478816986084","3.624478816986084"
"328816","3.61789870262146","3.61789870262146","3.61789870262146"
"329420","3.611342430114746","3.611342430114746","3.611342430114746"
"330024","3.6048898696899414","3.6048898696899414","3.6048898696899414"
"330628","3.598381519317627","3.598381519317627","3.598381519317627"
"331232","3.5918970108032227","3.5918970108032227","3.5918970108032227"
"331836","3.5854969024658203","3.5854969024658203","3.5854969024658203"
"332440","3.579059362411499","3.579059362411499","3.579059362411499"
"333044","3.572645425796509","3.572645425796509","3.572645425796509"
"333648","3.566333293914795","3.566333293914795","3.566333293914795"
"334252","3.5599594116210938","3.5599594116210938","3.5599594116210938"
"334856","3.553614616394043","3.553614616394043","3.553614616394043"
"335460","3.5473830699920654","3.5473830699920654","3.5473830699920654"
"336064","3.541083812713623","3.541083812713623","3.541083812713623"
"336668","3.5349690914154053","3.5349690914154053","3.5349690914154053"
"337272","3.5287086963653564","3.5287086963653564","3.5287086963653564"
"337876","3.5224766731262207","3.5224766731262207","3.5224766731262207"
"338480","3.5164101123809814","3.5164101123809814","3.5164101123809814"
"339084","3.510281801223755","3.510281801223755","3.510281801223755"
"339688","3.5041933059692383","3.5041933059692383","3.5041933059692383"
"340292","3.4981026649475098","3.4981026649475098","3.4981026649475098"
"340896","3.4920337200164795","3.4920337200164795","3.4920337200164795"
"341500","3.4860098361968994","3.4860098361968994","3.4860098361968994"
"342104","3.480072259902954","3.480072259902954","3.480072259902954"
"342708","3.474161386489868","3.474161386489868","3.474161386489868"
"343312","3.4682068824768066","3.4682068824768066","3.4682068824768066"
"343916","3.462331771850586","3.462331771850586","3.462331771850586"
"344520","3.456418752670288","3.456418752670288","3.456418752670288"
"345124","3.450526714324951","3.450526714324951","3.450526714324951"
"345728","3.444631814956665","3.444631814956665","3.444631814956665"
"346332","3.4387807846069336","3.4387807846069336","3.4387807846069336"
"346936","3.432950258255005","3.432950258255005","3.432950258255005"
"347540","3.427140235900879","3.427140235900879","3.427140235900879"
"348144","3.4213500022888184","3.4213500022888184","3.4213500022888184"
"348748","3.415574312210083","3.415574312210083","3.415574312210083"
"349352","3.409882068634033","3.409882068634033","3.409882068634033"
"349956","3.404209613800049","3.404209613800049","3.404209613800049"
"350560","3.398562431335449","3.398562431335449","3.398562431335449"
"351164","3.392946243286133","3.392946243286133","3.392946243286133"
"351768","3.3873491287231445","3.3873491287231445","3.3873491287231445"
"352372","3.3817715644836426","3.3817715644836426","3.3817715644836426"
"352976","3.3761215209960938","3.3761215209960938","3.3761215209960938"
"353580","3.3704910278320312","3.3704910278320312","3.3704910278320312"
"354184","3.364896774291992","3.364896774291992","3.364896774291992"
"354788","3.3593783378601074","3.3593783378601074","3.3593783378601074"
"355392","3.3538787364959717","3.3538787364959717","3.3538787364959717"
"355996","3.3484432697296143","3.3484432697296143","3.3484432697296143"
"356600","3.3430261611938477","3.3430261611938477","3.3430261611938477"
"357204","3.337655782699585","3.337655782699585","3.337655782699585"
"357808","3.3321850299835205","3.3321850299835205","3.3321850299835205"
"358412","3.326777935028076","3.326777935028076","3.326777935028076"
"359016","3.3214731216430664","3.3214731216430664","3.3214731216430664"
"359534","3.322636604309082","3.322636604309082","3.322636604309082"
"360138","3.3172717094421387","3.3172717094421387","3.3172717094421387"
"360742","3.311924457550049","3.311924457550049","3.311924457550049"
"361346","3.3066842555999756","3.3066842555999756","3.3066842555999756"
"361738","3.309023857116699","3.309023857116699","3.309023857116699"
"362342","3.3037142753601074","3.3037142753601074","3.3037142753601074"
"362886","3.3046536445617676","3.3046536445617676","3.3046536445617676"
"363490","3.299323558807373","3.299323558807373","3.299323558807373"
"364094","3.2940499782562256","3.2940499782562256","3.2940499782562256"
"364698","3.288799285888672","3.288799285888672","3.288799285888672"
"365302","3.2835659980773926","3.2835659980773926","3.2835659980773926"
"365906","3.278350353240967","3.278350353240967","3.278350353240967"
"366510","3.2730965614318848","3.2730965614318848","3.2730965614318848"
"367114","3.267860174179077","3.267860174179077","3.267860174179077"
"367718","3.2626192569732666","3.2626192569732666","3.2626192569732666"
"368322","3.2574665546417236","3.2574665546417236","3.2574665546417236"
"368926","3.252297878265381","3.252297878265381","3.252297878265381"
"369530","3.2471189498901367","3.2471189498901367","3.2471189498901367"
"370134","3.241978645324707","3.241978645324707","3.241978645324707"
"370738","3.2368228435516357","3.2368228435516357","3.2368228435516357"
"371342","3.2317161560058594","3.2317161560058594","3.2317161560058594"
"371946","3.2266151905059814","3.2266151905059814","3.2266151905059814"
"372402","3.228412389755249","3.228412389755249","3.228412389755249"
"373006","3.223336935043335","3.223336935043335","3.223336935043335"
"373610","3.2183263301849365","3.2183263301849365","3.2183263301849365"
"374214","3.213256597518921","3.213256597518921","3.213256597518921"
"374560","3.21600604057312","3.21600604057312","3.21600604057312"
"375164","3.2111356258392334","3.2111356258392334","3.2111356258392334"
"375768","3.206103801727295","3.206103801727295","3.206103801727295"
"376372","3.2011148929595947","3.2011148929595947","3.2011148929595947"
"376976","3.19628643989563","3.19628643989563","3.19628643989563"
"377580","3.1913719177246094","3.1913719177246094","3.1913719177246094"
"378184","3.1865744590759277","3.1865744590759277","3.1865744590759277"
"378788","3.1816487312316895","3.1816487312316895","3.1816487312316895"
"379392","3.176861047744751","3.176861047744751","3.176861047744751"
"379996","3.1720192432403564","3.1720192432403564","3.1720192432403564"
"380600","3.167283296585083","3.167283296585083","3.167283296585083"
"381204","3.1624722480773926","3.1624722480773926","3.1624722480773926"
"381808","3.157766342163086","3.157766342163086","3.157766342163086"
"382412","3.1530697345733643","3.1530697345733643","3.1530697345733643"
"383016","3.1483304500579834","3.1483304500579834","3.1483304500579834"
"383620","3.1435587406158447","3.1435587406158447","3.1435587406158447"
"384224","3.1388230323791504","3.1388230323791504","3.1388230323791504"
"384828","3.1341962814331055","3.1341962814331055","3.1341962814331055"
"385432","3.12949538230896","3.12949538230896","3.12949538230896"
"386036","3.1248927116394043","3.1248927116394043","3.1248927116394043"
"386526","3.126466989517212","3.126466989517212","3.126466989517212"
"387130","3.1218197345733643","3.1218197345733643","3.1218197345733643"
"387734","3.1171607971191406","3.1171607971191406","3.1171607971191406"
"388338","3.112604856491089","3.112604856491089","3.112604856491089"
"388918","3.1134583950042725","3.1134583950042725","3.1134583950042725"
"389522","3.1088287830352783","3.1088287830352783","3.1088287830352783"
"390126","3.10420298576355","3.10420298576355","3.10420298576355"
"390730","3.0995092391967773","3.0995092391967773","3.0995092391967773"
"391334","3.09491229057312","3.09491229057312","3.09491229057312"
"391938","3.0902934074401855","3.0902934074401855","3.0902934074401855"
"392542","3.0856428146362305","3.0856428146362305","3.0856428146362305"
"393146","3.0810985565185547","3.0810985565185547","3.0810985565185547"
"393750","3.0765223503112793","3.0765223503112793","3.0765223503112793"
"394354","3.0720982551574707","3.0720982551574707","3.0720982551574707"
"394958","3.0675857067108154","3.0675857067108154","3.0675857067108154"
"395562","3.0631325244903564","3.0631325244903564","3.0631325244903564"
"396058","3.0646984577178955","3.0646984577178955","3.0646984577178955"
"396662","3.0603182315826416","3.0603182315826416","3.0603182315826416"
"397216","3.061432361602783","3.061432361602783","3.061432361602783"
"397756","3.062652349472046","3.062652349472046","3.062652349472046"
"398360","3.058217763900757","3.058217763900757","3.058217763900757"
"398894","3.0594847202301025","3.0594847202301025","3.0594847202301025"
"399498","3.0550475120544434","3.0550475120544434","3.0550475120544434"
"400102","3.050664186477661","3.050664186477661","3.050664186477661"
"400706","3.0462136268615723","3.0462136268615723","3.0462136268615723"
"401234","3.047534942626953","3.047534942626953","3.047534942626953"
"401838","3.0432419776916504","3.0432419776916504","3.0432419776916504"
"402442","3.0389320850372314","3.0389320850372314","3.0389320850372314"
"403046","3.034594774246216","3.034594774246216","3.034594774246216"
"403650","3.030190944671631","3.030190944671631","3.030190944671631"
"404254","3.0258448123931885","3.0258448123931885","3.0258448123931885"
"404858","3.021476984024048","3.021476984024048","3.021476984024048"
"405462","3.0172066688537598","3.0172066688537598","3.0172066688537598"
"406046","3.0181305408477783","3.0181305408477783","3.0181305408477783"
"406650","3.013927459716797","3.013927459716797","3.013927459716797"
"407254","3.0097367763519287","3.0097367763519287","3.0097367763519287"
"407858","3.005558490753174","3.005558490753174","3.005558490753174"
"408462","3.0012147426605225","3.0012147426605225","3.0012147426605225"
"409066","2.996962785720825","2.996962785720825","2.996962785720825"
"409670","2.9927430152893066","2.9927430152893066","2.9927430152893066"
"410274","2.988525867462158","2.988525867462158","2.988525867462158"
"410878","2.9842722415924072","2.9842722415924072","2.9842722415924072"
"411482","2.9800703525543213","2.9800703525543213","2.9800703525543213"
"412086","2.9758806228637695","2.9758806228637695","2.9758806228637695"
"412690","2.9717471599578857","2.9717471599578857","2.9717471599578857"
"413294","2.9676015377044678","2.9676015377044678","2.9676015377044678"
"413898","2.963541030883789","2.963541030883789","2.963541030883789"
"414460","2.9646804332733154","2.9646804332733154","2.9646804332733154"
"415064","2.960543394088745","2.960543394088745","2.960543394088745"
"415646","2.9615399837493896","2.9615399837493896","2.9615399837493896"
"416250","2.957467794418335","2.957467794418335","2.957467794418335"
"416794","2.958738088607788","2.958738088607788","2.958738088607788"
"417398","2.9546666145324707","2.9546666145324707","2.9546666145324707"
"418002","2.950490951538086","2.950490951538086","2.950490951538086"
"418606","2.946409225463867","2.946409225463867","2.946409225463867"
"419210","2.9423491954803467","2.9423491954803467","2.9423491954803467"
"419722","2.9438564777374268","2.9438564777374268","2.9438564777374268"
"420252","2.945232629776001","2.945232629776001","2.945232629776001"
"420770","2.946690082550049","2.946690082550049","2.946690082550049"
"421374","2.9427366256713867","2.9427366256713867","2.9427366256713867"
"421978","2.938732147216797","2.938732147216797","2.938732147216797"
"422480","2.9403038024902344","2.9403038024902344","2.9403038024902344"
"422896","2.9424753189086914","2.9424753189086914","2.9424753189086914"
"423500","2.938462018966675","2.938462018966675","2.938462018966675"
"424000","2.940042495727539","2.940042495727539","2.940042495727539"
"424492","2.9416751861572266","2.9416751861572266","2.9416751861572266"
"425096","2.9376399517059326","2.9376399517059326","2.9376399517059326"
"425438","2.9403159618377686","2.9403159618377686","2.9403159618377686"
"426042","2.9363203048706055","2.9363203048706055","2.9363203048706055"
"426646","2.932345151901245","2.932345151901245","2.932345151901245"
"427250","2.9283816814422607","2.9283816814422607","2.9283816814422607"
"427812","2.9295318126678467","2.9295318126678467","2.9295318126678467"
"428416","2.9255826473236084","2.9255826473236084","2.9255826473236084"
"429020","2.92156982421875","2.92156982421875","2.92156982421875"
"429624","2.9176430702209473","2.9176430702209473","2.9176430702209473"
"430228","2.9137041568756104","2.9137041568756104","2.9137041568756104"
"430832","2.909799337387085","2.909799337387085","2.909799337387085"
"431436","2.9059057235717773","2.9059057235717773","2.9059057235717773"
"432040","2.9019436836242676","2.9019436836242676","2.9019436836242676"
"432644","2.8979928493499756","2.8979928493499756","2.8979928493499756"
"433218","2.8990871906280518","2.8990871906280518","2.8990871906280518"
"433822","2.895155429840088","2.895155429840088","2.895155429840088"
"434426","2.891234874725342","2.891234874725342","2.891234874725342"
"435030","2.8873064517974854","2.8873064517974854","2.8873064517974854"
"435634","2.8834075927734375","2.8834075927734375","2.8834075927734375"
"436238","2.879519462585449","2.879519462585449","2.879519462585449"
"436842","2.8756375312805176","2.8756375312805176","2.8756375312805176"
"437446","2.8717617988586426","2.8717617988586426","2.8717617988586426"
"438050","2.86790132522583","2.86790132522583","2.86790132522583"
"438654","2.864051580429077","2.864051580429077","2.864051580429077"
"439258","2.8602030277252197","2.8602030277252197","2.8602030277252197"
"439862","2.856379270553589","2.856379270553589","2.856379270553589"
"440466","2.8525564670562744","2.8525564670562744","2.8525564670562744"
"441070","2.8487486839294434","2.8487486839294434","2.8487486839294434"
"441674","2.845020055770874","2.845020055770874","2.845020055770874"
"442278","2.841132640838623","2.841132640838623","2.841132640838623"
"442882","2.8374247550964355","2.8374247550964355","2.8374247550964355"
"443486","2.833735704421997","2.833735704421997","2.833735704421997"
"444090","2.830052137374878","2.830052137374878","2.830052137374878"
"444694","2.8263790607452393","2.8263790607452393","2.8263790607452393"
"445298","2.8227157592773438","2.8227157592773438","2.8227157592773438"
"445902","2.8190665245056152","2.8190665245056152","2.8190665245056152"
"446506","2.8153464794158936","2.8153464794158936","2.8153464794158936"
"447110","2.8117125034332275","2.8117125034332275","2.8117125034332275"
"447714","2.808089017868042","2.808089017868042","2.808089017868042"
"448318","2.8044793605804443","2.8044793605804443","2.8044793605804443"
"448922","2.800870418548584","2.800870418548584","2.800870418548584"
"449526","2.797271728515625","2.797271728515625","2.797271728515625"
"450130","2.7936103343963623","2.7936103343963623","2.7936103343963623"
"450734","2.7900307178497314","2.7900307178497314","2.7900307178497314"
"451338","2.7864608764648438","2.7864608764648438","2.7864608764648438"
"451942","2.782904624938965","2.782904624938965","2.782904624938965"
"452546","2.779362678527832","2.779362678527832","2.779362678527832"
"453150","2.7758255004882812","2.7758255004882812","2.7758255004882812"
"453730","2.7769880294799805","2.7769880294799805","2.7769880294799805"
"454334","2.773463487625122","2.773463487625122","2.773463487625122"
"454938","2.769926071166992","2.769926071166992","2.769926071166992"
"455542","2.766415596008301","2.766415596008301","2.766415596008301"
"456062","2.767951250076294","2.767951250076294","2.767951250076294"
"456666","2.7644519805908203","2.7644519805908203","2.7644519805908203"
"457270","2.7609975337982178","2.7609975337982178","2.7609975337982178"
"457874","2.7574687004089355","2.7574687004089355","2.7574687004089355"
"458478","2.753979444503784","2.753979444503784","2.753979444503784"
"459082","2.7503502368927","2.7503502368927","2.7503502368927"
"459686","2.7468931674957275","2.7468931674957275","2.7468931674957275"
"460290","2.743431806564331","2.743431806564331","2.743431806564331"
"460894","2.739996910095215","2.739996910095215","2.739996910095215"
"461498","2.7364096641540527","2.7364096641540527","2.7364096641540527"
"462102","2.7328269481658936","2.7328269481658936","2.7328269481658936"
"462706","2.7293500900268555","2.7293500900268555","2.7293500900268555"
"463310","2.7257862091064453","2.7257862091064453","2.7257862091064453"
"463914","2.72223162651062","2.72223162651062","2.72223162651062"
"464518","2.7186906337738037","2.7186906337738037","2.7186906337738037"
"465122","2.7151546478271484","2.7151546478271484","2.7151546478271484"
"465726","2.711627721786499","2.711627721786499","2.711627721786499"
"466330","2.7082786560058594","2.7082786560058594","2.7082786560058594"
"466934","2.7047698497772217","2.7047698497772217","2.7047698497772217"
"467538","2.7013778686523438","2.7013778686523438","2.7013778686523438"
"468142","2.6978871822357178","2.6978871822357178","2.6978871822357178"
"468746","2.6944055557250977","2.6944055557250977","2.6944055557250977"
"469350","2.6909968852996826","2.6909968852996826","2.6909968852996826"
"469954","2.687533140182495","2.687533140182495","2.687533140182495"
"470558","2.684077739715576","2.684077739715576","2.684077739715576"
"471162","2.680734395980835","2.680734395980835","2.680734395980835"
"471766","2.6772968769073486","2.6772968769073486","2.6772968769073486"
"472370","2.6739749908447266","2.6739749908447266","2.6739749908447266"
"472974","2.6705548763275146","2.6705548763275146","2.6705548763275146"
"473578","2.667249917984009","2.667249917984009","2.667249917984009"
"474182","2.664008855819702","2.664008855819702","2.664008855819702"
"474786","2.660614490509033","2.660614490509033","2.660614490509033"
"475390","2.657228708267212","2.657228708267212","2.657228708267212"
"475994","2.654033899307251","2.654033899307251","2.654033899307251"
"476598","2.6506991386413574","2.6506991386413574","2.6506991386413574"
"477202","2.647339105606079","2.647339105606079","2.647339105606079"
"477806","2.6439871788024902","2.6439871788024902","2.6439871788024902"
"478410","2.640644073486328","2.640644073486328","2.640644073486328"
"479014","2.6374104022979736","2.6374104022979736","2.6374104022979736"
"479618","2.6340837478637695","2.6340837478637695","2.6340837478637695"
"480222","2.630866527557373","2.630866527557373","2.630866527557373"
"480826","2.6276865005493164","2.6276865005493164","2.6276865005493164"
"481430","2.6245105266571045","2.6245105266571045","2.6245105266571045"
"482034","2.621400833129883","2.621400833129883","2.621400833129883"
"482638","2.6182408332824707","2.6182408332824707","2.6182408332824707"
"483242","2.6150965690612793","2.6150965690612793","2.6150965690612793"
"483846","2.6119229793548584","2.6119229793548584","2.6119229793548584"
"484450","2.6086907386779785","2.6086907386779785","2.6086907386779785"
"485054","2.605537176132202","2.605537176132202","2.605537176132202"
"485658","2.602354049682617","2.602354049682617","2.602354049682617"
"486262","2.5991790294647217","2.5991790294647217","2.5991790294647217"
"486866","2.5960116386413574","2.5960116386413574","2.5960116386413574"
"487470","2.5929183959960938","2.5929183959960938","2.5929183959960938"
"488074","2.5897955894470215","2.5897955894470215","2.5897955894470215"
"488678","2.5866520404815674","2.5866520404815674","2.5866520404815674"
"489282","2.583491086959839","2.583491086959839","2.583491086959839"
"489886","2.5803627967834473","2.5803627967834473","2.5803627967834473"
"490490","2.577241897583008","2.577241897583008","2.577241897583008"
"491094","2.5740673542022705","2.5740673542022705","2.5740673542022705"
"491698","2.5709006786346436","2.5709006786346436","2.5709006786346436"
"492302","2.567803144454956","2.567803144454956","2.567803144454956"
"492906","2.5646519660949707","2.5646519660949707","2.5646519660949707"
"493510","2.5615084171295166","2.5615084171295166","2.5615084171295166"
"494114","2.5584256649017334","2.5584256649017334","2.5584256649017334"
"494718","2.5553951263427734","2.5553951263427734","2.5553951263427734"
"495322","2.552274465560913","2.552274465560913","2.552274465560913"
"495926","2.549222230911255","2.549222230911255","2.549222230911255"
"496530","2.546177625656128","2.546177625656128","2.546177625656128"
"497134","2.5430796146392822","2.5430796146392822","2.5430796146392822"
"497738","2.540114641189575","2.540114641189575","2.540114641189575"
"498342","2.537156820297241","2.537156820297241","2.537156820297241"
"498946","2.5340890884399414","2.5340890884399414","2.5340890884399414"
"499550","2.531137704849243","2.531137704849243","2.531137704849243"
"500154","2.528108596801758","2.528108596801758","2.528108596801758"
"500758","2.525054931640625","2.525054931640625","2.525054931640625"
"501362","2.5220446586608887","2.5220446586608887","2.5220446586608887"
"501966","2.519017457962036","2.519017457962036","2.519017457962036"
"502570","2.5161101818084717","2.5161101818084717","2.5161101818084717"
"503174","2.5132336616516113","2.5132336616516113","2.5132336616516113"
"503778","2.510215997695923","2.510215997695923","2.510215997695923"
"504382","2.5072176456451416","2.5072176456451416","2.5072176456451416"
"504986","2.5042662620544434","2.5042662620544434","2.5042662620544434"
"505590","2.5013937950134277","2.5013937950134277","2.5013937950134277"
"506194","2.4984045028686523","2.4984045028686523","2.4984045028686523"
"506798","2.4954824447631836","2.4954824447631836","2.4954824447631836"
"507402","2.492511510848999","2.492511510848999","2.492511510848999"
"508006","2.4897103309631348","2.4897103309631348","2.4897103309631348"
"508610","2.486793279647827","2.486793279647827","2.486793279647827"
"509214","2.4839935302734375","2.4839935302734375","2.4839935302734375"
"509818","2.481097936630249","2.481097936630249","2.481097936630249"
"510422","2.4781932830810547","2.4781932830810547","2.4781932830810547"
"511026","2.475311279296875","2.475311279296875","2.475311279296875"
"511630","2.4724202156066895","2.4724202156066895","2.4724202156066895"
"512234","2.4695284366607666","2.4695284366607666","2.4695284366607666"
"512838","2.466615676879883","2.466615676879883","2.466615676879883"
"513442","2.4637451171875","2.4637451171875","2.4637451171875"
"514046","2.460846185684204","2.460846185684204","2.460846185684204"
"514650","2.457953929901123","2.457953929901123","2.457953929901123"
"515254","2.455068349838257","2.455068349838257","2.455068349838257"
"515858","2.452197551727295","2.452197551727295","2.452197551727295"
"516462","2.4493296146392822","2.4493296146392822","2.4493296146392822"
"517066","2.4464640617370605","2.4464640617370605","2.4464640617370605"
"517670","2.4436252117156982","2.4436252117156982","2.4436252117156982"
"518274","2.4407927989959717","2.4407927989959717","2.4407927989959717"
"518878","2.43796706199646","2.43796706199646","2.43796706199646"
"519482","2.4351634979248047","2.4351634979248047","2.4351634979248047"
"520086","2.432366132736206","2.432366132736206","2.432366132736206"
"520690","2.4295754432678223","2.4295754432678223","2.4295754432678223"
"521294","2.426791191101074","2.426791191101074","2.426791191101074"
"521898","2.4240481853485107","2.4240481853485107","2.4240481853485107"
"522502","2.421276807785034","2.421276807785034","2.421276807785034"
"523106","2.4185118675231934","2.4185118675231934","2.4185118675231934"
"523710","2.4157378673553467","2.4157378673553467","2.4157378673553467"
"524314","2.4129703044891357","2.4129703044891357","2.4129703044891357"
"524918","2.410224437713623","2.410224437713623","2.410224437713623"
"525522","2.4074695110321045","2.4074695110321045","2.4074695110321045"
"526126","2.4047210216522217","2.4047210216522217","2.4047210216522217"
"526730","2.402028799057007","2.402028799057007","2.402028799057007"
"527334","2.3993079662323","2.3993079662323","2.3993079662323"
"527938","2.3966736793518066","2.3966736793518066","2.3966736793518066"
"528542","2.3940799236297607","2.3940799236297607","2.3940799236297607"
"529146","2.39141583442688","2.39141583442688","2.39141583442688"
"529750","2.3887195587158203","2.3887195587158203","2.3887195587158203"
"530354","2.3860294818878174","2.3860294818878174","2.3860294818878174"
"530958","2.383345603942871","2.383345603942871","2.383345603942871"
"531562","2.380664110183716","2.380664110183716","2.380664110183716"
"532166","2.3779923915863037","2.3779923915863037","2.3779923915863037"
"532770","2.375349521636963","2.375349521636963","2.375349521636963"
"533374","2.3726749420166016","2.3726749420166016","2.3726749420166016"
"533978","2.370021343231201","2.370021343231201","2.370021343231201"
"534582","2.36745285987854","2.36745285987854","2.36745285987854"
"535186","2.3647964000701904","2.3647964000701904","2.3647964000701904"
"535790","2.362183094024658","2.362183094024658","2.362183094024658"
"536394","2.3595383167266846","2.3595383167266846","2.3595383167266846"
"536998","2.3568997383117676","2.3568997383117676","2.3568997383117676"
"537602","2.354248046875","2.354248046875","2.354248046875"
"538206","2.351621150970459","2.351621150970459","2.351621150970459"
"538810","2.3489813804626465","2.3489813804626465","2.3489813804626465"
"539414","2.3463661670684814","2.3463661670684814","2.3463661670684814"
"540018","2.3437719345092773","2.3437719345092773","2.3437719345092773"
"540622","2.3411684036254883","2.3411684036254883","2.3411684036254883"
"541226","2.3386526107788086","2.3386526107788086","2.3386526107788086"
"541830","2.3360607624053955","2.3360607624053955","2.3360607624053955"
"542434","2.333474636077881","2.333474636077881","2.333474636077881"
"543038","2.3308942317962646","2.3308942317962646","2.3308942317962646"
"543642","2.328300952911377","2.328300952911377","2.328300952911377"
"544246","2.3257319927215576","2.3257319927215576","2.3257319927215576"
"544850","2.323168992996216","2.323168992996216","2.323168992996216"
"545454","2.3206114768981934","2.3206114768981934","2.3206114768981934"
"546058","2.3180594444274902","2.3180594444274902","2.3180594444274902"
"546662","2.3155133724212646","2.3155133724212646","2.3155133724212646"
"547266","2.3129727840423584","2.3129727840423584","2.3129727840423584"
"547870","2.3104376792907715","2.3104376792907715","2.3104376792907715"
"548474","2.307908296585083","2.307908296585083","2.307908296585083"
"549078","2.305366277694702","2.305366277694702","2.305366277694702"
"549682","2.3028478622436523","2.3028478622436523","2.3028478622436523"
"550286","2.300335168838501","2.300335168838501","2.300335168838501"
"550890","2.2978098392486572","2.2978098392486572","2.2978098392486572"
"551494","2.2953081130981445","2.2953081130981445","2.2953081130981445"
"552098","2.2928519248962402","2.2928519248962402","2.2928519248962402"
"552702","2.2904014587402344","2.2904014587402344","2.2904014587402344"
"553306","2.287952423095703","2.287952423095703","2.287952423095703"
"553910","2.2855124473571777","2.2855124473571777","2.2855124473571777"
"554514","2.283074140548706","2.283074140548706","2.283074140548706"
"555118","2.2807466983795166","2.2807466983795166","2.2807466983795166"
"555722","2.2783188819885254","2.2783188819885254","2.2783188819885254"
"556326","2.2758965492248535","2.2758965492248535","2.2758965492248535"
"556930","2.2734899520874023","2.2734899520874023","2.2734899520874023"
"557534","2.2711684703826904","2.2711684703826904","2.2711684703826904"
"558138","2.2687978744506836","2.2687978744506836","2.2687978744506836"
"558742","2.266493558883667","2.266493558883667","2.266493558883667"
"559346","2.2641546726226807","2.2641546726226807","2.2641546726226807"
"559950","2.2618603706359863","2.2618603706359863","2.2618603706359863"
"560554","2.2594738006591797","2.2594738006591797","2.2594738006591797"
"561158","2.2570927143096924","2.2570927143096924","2.2570927143096924"
"561762","2.2548024654388428","2.2548024654388428","2.2548024654388428"
"562366","2.2524313926696777","2.2524313926696777","2.2524313926696777"
"562970","2.250065326690674","2.250065326690674","2.250065326690674"
"563574","2.2477293014526367","2.2477293014526367","2.2477293014526367"
"564178","2.245427131652832","2.245427131652832","2.245427131652832"
"564782","2.2430760860443115","2.2430760860443115","2.2430760860443115"
"565386","2.2408621311187744","2.2408621311187744","2.2408621311187744"
"565990","2.238574504852295","2.238574504852295","2.238574504852295"
"566594","2.2363345623016357","2.2363345623016357","2.2363345623016357"
"567198","2.234088659286499","2.234088659286499","2.234088659286499"
"567802","2.2317872047424316","2.2317872047424316","2.2317872047424316"
"568406","2.229557991027832","2.229557991027832","2.229557991027832"
"569010","2.227294445037842","2.227294445037842","2.227294445037842"
"569614","2.2250924110412598","2.2250924110412598","2.2250924110412598"
"570218","2.2229268550872803","2.2229268550872803","2.2229268550872803"
"570822","2.220766067504883","2.220766067504883","2.220766067504883"
"571426","2.218581438064575","2.218581438064575","2.218581438064575"
"572030","2.216426134109497","2.216426134109497","2.216426134109497"
"572634","2.214275360107422","2.214275360107422","2.214275360107422"
"573238","2.212153911590576","2.212153911590576","2.212153911590576"
"573806","2.2136895656585693","2.2136895656585693","2.2136895656585693"
"574360","2.2152769565582275","2.2152769565582275","2.2152769565582275"
"574964","2.2131083011627197","2.2131083011627197","2.2131083011627197"
"575518","2.2146928310394287","2.2146928310394287","2.2146928310394287"
"575930","2.216825008392334","2.216825008392334","2.216825008392334"
"576534","2.2146921157836914","2.2146921157836914","2.2146921157836914"
"577052","2.2164101600646973","2.2164101600646973","2.2164101600646973"
"577580","2.2180867195129395","2.2180867195129395","2.2180867195129395"
"578184","2.2159199714660645","2.2159199714660645","2.2159199714660645"
"578750","2.217446804046631","2.217446804046631","2.217446804046631"
"579354","2.2153372764587402","2.2153372764587402","2.2153372764587402"
"579772","2.2174320220947266","2.2174320220947266","2.2174320220947266"
"580308","2.219068765640259","2.219068765640259","2.219068765640259"
"580912","2.216963291168213","2.216963291168213","2.216963291168213"
"581482","2.2184665203094482","2.2184665203094482","2.2184665203094482"
"582086","2.216320753097534","2.216320753097534","2.216320753097534"
"582480","2.2184972763061523","2.2184972763061523","2.2184972763061523"
"582960","2.2203402519226074","2.2203402519226074","2.2203402519226074"
"583564","2.218080759048462","2.218080759048462","2.218080759048462"
"584168","2.215963840484619","2.215963840484619","2.215963840484619"
"584772","2.2137341499328613","2.2137341499328613","2.2137341499328613"
"585376","2.2115089893341064","2.2115089893341064","2.2115089893341064"
"585980","2.2092885971069336","2.2092885971069336","2.2092885971069336"
"586584","2.2071964740753174","2.2071964740753174","2.2071964740753174"
"587036","2.209141969680786","2.209141969680786","2.209141969680786"
"587420","2.2113428115844727","2.2113428115844727","2.2113428115844727"
"587994","2.2128195762634277","2.2128195762634277","2.2128195762634277"
"588598","2.2107274532318115","2.2107274532318115","2.2107274532318115"
"589036","2.212716817855835","2.212716817855835","2.212716817855835"
"589640","2.210505485534668","2.210505485534668","2.210505485534668"
"590024","2.212695598602295","2.212695598602295","2.212695598602295"
"590476","2.214625597000122","2.214625597000122","2.214625597000122"
"591080","2.212489366531372","2.212489366531372","2.212489366531372"
"591358","2.2150728702545166","2.2150728702545166","2.2150728702545166"
"591762","2.2171781063079834","2.2171781063079834","2.2171781063079834"
"592024","2.2198171615600586","2.2198171615600586","2.2198171615600586"
"592260","2.2225520610809326","2.2225520610809326","2.2225520610809326"
"592860","2.223907709121704","2.223907709121704","2.223907709121704"
"593390","2.225525140762329","2.225525140762329","2.225525140762329"
"593994","2.223442316055298","2.223442316055298","2.223442316055298"
"594598","2.2213640213012695","2.2213640213012695","2.2213640213012695"
"595202","2.2191576957702637","2.2191576957702637","2.2191576957702637"
"595806","2.217087984085083","2.217087984085083","2.217087984085083"
"596410","2.2150189876556396","2.2150189876556396","2.2150189876556396"
"596964","2.2165448665618896","2.2165448665618896","2.2165448665618896"
"597568","2.214480400085449","2.214480400085449","2.214480400085449"
"598172","2.212285280227661","2.212285280227661","2.212285280227661"
"598776","2.2101147174835205","2.2101147174835205","2.2101147174835205"
"599380","2.2080061435699463","2.2080061435699463","2.2080061435699463"
"599984","2.2058441638946533","2.2058441638946533","2.2058441638946533"
"600588","2.2037203311920166","2.2037203311920166","2.2037203311920166"
"601192","2.2016308307647705","2.2016308307647705","2.2016308307647705"
"601796","2.199465274810791","2.199465274810791","2.199465274810791"
"602400","2.1974380016326904","2.1974380016326904","2.1974380016326904"
"603004","2.195394515991211","2.195394515991211","2.195394515991211"
"603608","2.193311929702759","2.193311929702759","2.193311929702759"
"604212","2.191206693649292","2.191206693649292","2.191206693649292"
"604746","2.192807912826538","2.192807912826538","2.192807912826538"
"605350","2.190810203552246","2.190810203552246","2.190810203552246"
"605896","2.1923651695251465","2.1923651695251465","2.1923651695251465"
"606458","2.1938586235046387","2.1938586235046387","2.1938586235046387"
"607062","2.1918489933013916","2.1918489933013916","2.1918489933013916"
"607666","2.189777135848999","2.189777135848999","2.189777135848999"
"608270","2.1877591609954834","2.1877591609954834","2.1877591609954834"
"608874","2.185692071914673","2.185692071914673","2.185692071914673"
"609478","2.1836392879486084","2.1836392879486084","2.1836392879486084"
"610082","2.181586980819702","2.181586980819702","2.181586980819702"
"610686","2.179542064666748","2.179542064666748","2.179542064666748"
"611290","2.1775243282318115","2.1775243282318115","2.1775243282318115"
"611894","2.175480842590332","2.175480842590332","2.175480842590332"
"612498","2.173444986343384","2.173444986343384","2.173444986343384"
"613102","2.1714160442352295","2.1714160442352295","2.1714160442352295"
"613706","2.169407844543457","2.169407844543457","2.169407844543457"
"614310","2.1674458980560303","2.1674458980560303","2.1674458980560303"
"614914","2.1654226779937744","2.1654226779937744","2.1654226779937744"
"615518","2.1633965969085693","2.1633965969085693","2.1633965969085693"
"616122","2.1613810062408447","2.1613810062408447","2.1613810062408447"
"616726","2.159363031387329","2.159363031387329","2.159363031387329"
"617330","2.1573846340179443","2.1573846340179443","2.1573846340179443"
"617934","2.155374765396118","2.155374765396118","2.155374765396118"
"618538","2.1534042358398438","2.1534042358398438","2.1534042358398438"
"619142","2.1513562202453613","2.1513562202453613","2.1513562202453613"
"619746","2.149348020553589","2.149348020553589","2.149348020553589"
"620350","2.14736008644104","2.14736008644104","2.14736008644104"
"620954","2.145375967025757","2.145375967025757","2.145375967025757"
"621558","2.143301486968994","2.143301486968994","2.143301486968994"
"622162","2.141231060028076","2.141231060028076","2.141231060028076"
"622766","2.139258623123169","2.139258623123169","2.139258623123169"
"623370","2.1371963024139404","2.1371963024139404","2.1371963024139404"
"623974","2.1351377964019775","2.1351377964019775","2.1351377964019775"
"624578","2.1330835819244385","2.1330835819244385","2.1330835819244385"
"625182","2.1310298442840576","2.1310298442840576","2.1310298442840576"
"625786","2.1289801597595215","2.1289801597595215","2.1289801597595215"
"626390","2.1269376277923584","2.1269376277923584","2.1269376277923584"
"626994","2.1248927116394043","2.1248927116394043","2.1248927116394043"
"627598","2.1228549480438232","2.1228549480438232","2.1228549480438232"
"628202","2.120820999145508","2.120820999145508","2.120820999145508"
"628806","2.118790864944458","2.118790864944458","2.118790864944458"
"629410","2.116764783859253","2.116764783859253","2.116764783859253"
"630014","2.114745855331421","2.114745855331421","2.114745855331421"
"630618","2.1127243041992188","2.1127243041992188","2.1127243041992188"
"631222","2.1107993125915527","2.1107993125915527","2.1107993125915527"
"631826","2.108785390853882","2.108785390853882","2.108785390853882"
"632430","2.1068644523620605","2.1068644523620605","2.1068644523620605"
"633034","2.1048645973205566","2.1048645973205566","2.1048645973205566"
"633638","2.1028621196746826","2.1028621196746826","2.1028621196746826"
"634242","2.1008667945861816","2.1008667945861816","2.1008667945861816"
"634846","2.098875045776367","2.098875045776367","2.098875045776367"
"635450","2.096890449523926","2.096890449523926","2.096890449523926"
"636054","2.0949950218200684","2.0949950218200684","2.0949950218200684"
"636658","2.0930683612823486","2.0930683612823486","2.0930683612823486"
"637262","2.0911643505096436","2.0911643505096436","2.0911643505096436"
"637866","2.089191436767578","2.089191436767578","2.089191436767578"
"638470","2.087313652038574","2.087313652038574","2.087313652038574"
"639074","2.085505723953247","2.085505723953247","2.085505723953247"
"639678","2.0836286544799805","2.0836286544799805","2.0836286544799805"
"640282","2.081667184829712","2.081667184829712","2.081667184829712"
"640886","2.0797972679138184","2.0797972679138184","2.0797972679138184"
"641490","2.077927827835083","2.077927827835083","2.077927827835083"
"642094","2.076061964035034","2.076061964035034","2.076061964035034"
"642698","2.074202537536621","2.074202537536621","2.074202537536621"
"643302","2.0723438262939453","2.0723438262939453","2.0723438262939453"
"643906","2.070488214492798","2.070488214492798","2.070488214492798"
"644510","2.0686895847320557","2.0686895847320557","2.0686895847320557"
"645114","2.066847324371338","2.066847324371338","2.066847324371338"
"645718","2.065014600753784","2.065014600753784","2.065014600753784"
"646322","2.063176155090332","2.063176155090332","2.063176155090332"
"646926","2.061337947845459","2.061337947845459","2.061337947845459"
"647530","2.0595529079437256","2.0595529079437256","2.0595529079437256"
"648134","2.057727813720703","2.057727813720703","2.057727813720703"
"648738","2.055906057357788","2.055906057357788","2.055906057357788"
"649342","2.0540876388549805","2.0540876388549805","2.0540876388549805"
"649946","2.052337884902954","2.052337884902954","2.052337884902954"
"650550","2.050532579421997","2.050532579421997","2.050532579421997"
"651154","2.0487241744995117","2.0487241744995117","2.0487241744995117"
"651758","2.0468697547912598","2.0468697547912598","2.0468697547912598"
"652362","2.0450620651245117","2.0450620651245117","2.0450620651245117"
"652966","2.043257713317871","2.043257713317871","2.043257713317871"
"653570","2.041459798812866","2.041459798812866","2.041459798812866"
"654152","2.0429110527038574","2.0429110527038574","2.0429110527038574"
"654756","2.041126012802124","2.041126012802124","2.041126012802124"
"655360","2.039334774017334","2.039334774017334","2.039334774017334"
"655964","2.037544012069702","2.037544012069702","2.037544012069702"
"656568","2.0357625484466553","2.0357625484466553","2.0357625484466553"
"657172","2.034045696258545","2.034045696258545","2.034045696258545"
"657776","2.0323166847229004","2.0323166847229004","2.0323166847229004"
"658380","2.030609369277954","2.030609369277954","2.030609369277954"
"658984","2.028892755508423","2.028892755508423","2.028892755508423"
"659588","2.027191638946533","2.027191638946533","2.027191638946533"
"660192","2.025472402572632","2.025472402572632","2.025472402572632"
"660796","2.023737907409668","2.023737907409668","2.023737907409668"
"661400","2.021981954574585","2.021981954574585","2.021981954574585"
"662004","2.0202414989471436","2.0202414989471436","2.0202414989471436"
"662608","2.0184831619262695","2.0184831619262695","2.0184831619262695"
"663212","2.0167369842529297","2.0167369842529297","2.0167369842529297"
"663816","2.0150485038757324","2.0150485038757324","2.0150485038757324"
"664420","2.0133724212646484","2.0133724212646484","2.0133724212646484"
"665012","2.01479434967041","2.01479434967041","2.01479434967041"
"665616","2.013124465942383","2.013124465942383","2.013124465942383"
"666220","2.0114452838897705","2.0114452838897705","2.0114452838897705"
"666824","2.009763479232788","2.009763479232788","2.009763479232788"
"667428","2.0080997943878174","2.0080997943878174","2.0080997943878174"
"668032","2.0064327716827393","2.0064327716827393","2.0064327716827393"
"668636","2.0047569274902344","2.0047569274902344","2.0047569274902344"
"669240","2.0030901432037354","2.0030901432037354","2.0030901432037354"
"669844","2.0013692378997803","2.0013692378997803","2.0013692378997803"
"670448","1.999699354171753","1.999699354171753","1.999699354171753"
"671052","1.998044490814209","1.998044490814209","1.998044490814209"
"671656","1.9963958263397217","1.9963958263397217","1.9963958263397217"
"672260","1.9947410821914673","1.9947410821914673","1.9947410821914673"
"672864","1.9930052757263184","1.9930052757263184","1.9930052757263184"
"673468","1.9913055896759033","1.9913055896759033","1.9913055896759033"
"674072","1.9896000623703003","1.9896000623703003","1.9896000623703003"
"674676","1.9879095554351807","1.9879095554351807","1.9879095554351807"
"675280","1.9862040281295776","1.9862040281295776","1.9862040281295776"
"675862","1.9876563549041748","1.9876563549041748","1.9876563549041748"
"676466","1.9860435724258423","1.9860435724258423","1.9860435724258423"
"677070","1.984344244003296","1.984344244003296","1.984344244003296"
"677674","1.9826807975769043","1.9826807975769043","1.9826807975769043"
"678278","1.9810320138931274","1.9810320138931274","1.9810320138931274"
"678882","1.9793565273284912","1.9793565273284912","1.9793565273284912"
"679486","1.977725625038147","1.977725625038147","1.977725625038147"
"680090","1.9760444164276123","1.9760444164276123","1.9760444164276123"
"680636","1.9776004552841187","1.9776004552841187","1.9776004552841187"
"681240","1.9759812355041504","1.9759812355041504","1.9759812355041504"
"681844","1.9743057489395142","1.9743057489395142","1.9743057489395142"
"682448","1.9726864099502563","1.9726864099502563","1.9726864099502563"
"683052","1.9711112976074219","1.9711112976074219","1.9711112976074219"
"683656","1.9695063829421997","1.9695063829421997","1.9695063829421997"
"684230","1.9709783792495728","1.9709783792495728","1.9709783792495728"
"684834","1.9693233966827393","1.9693233966827393","1.9693233966827393"
"685438","1.9676713943481445","1.9676713943481445","1.9676713943481445"
"686042","1.966092824935913","1.966092824935913","1.966092824935913"
"686580","1.967666506767273","1.967666506767273","1.967666506767273"
"687184","1.9660496711730957","1.9660496711730957","1.9660496711730957"
"687766","1.9674937725067139","1.9674937725067139","1.9674937725067139"
"688370","1.9658825397491455","1.9658825397491455","1.9658825397491455"
"688974","1.9642860889434814","1.9642860889434814","1.9642860889434814"
"689578","1.962703824043274","1.962703824043274","1.962703824043274"
"690182","1.9610689878463745","1.9610689878463745","1.9610689878463745"
"690786","1.9594371318817139","1.9594371318817139","1.9594371318817139"
"691390","1.957808017730713","1.957808017730713","1.957808017730713"
"691994","1.9561817646026611","1.9561817646026611","1.9561817646026611"
"692578","1.9576184749603271","1.9576184749603271","1.9576184749603271"
"693182","1.9560707807540894","1.9560707807540894","1.9560707807540894"
"693786","1.9545228481292725","1.9545228481292725","1.9545228481292725"
"694390","1.952957272529602","1.952957272529602","1.952957272529602"
"694994","1.9513683319091797","1.9513683319091797","1.9513683319091797"
"695598","1.949787974357605","1.949787974357605","1.949787974357605"
"695956","1.9518613815307617","1.9518613815307617","1.9518613815307617"
"696388","1.9537233114242554","1.9537233114242554","1.9537233114242554"
"696992","1.9521440267562866","1.9521440267562866","1.9521440267562866"
"697596","1.950605034828186","1.950605034828186","1.950605034828186"
"698200","1.94908607006073","1.94908607006073","1.94908607006073"
"698804","1.9475523233413696","1.9475523233413696","1.9475523233413696"
"699408","1.9460184574127197","1.9460184574127197","1.9460184574127197"
"700012","1.9444873332977295","1.9444873332977295","1.9444873332977295"
"700606","1.9458894729614258","1.9458894729614258","1.9458894729614258"
"701210","1.9443608522415161","1.9443608522415161","1.9443608522415161"
"701814","1.9428350925445557","1.9428350925445557","1.9428350925445557"
"702418","1.9412773847579956","1.9412773847579956","1.9412773847579956"
"703022","1.9397568702697754","1.9397568702697754","1.9397568702697754"